TRIP_CODE,STATIONNAME,LATITUDE,LONGITUDE,SAMPLEDATE_LOCAL,SST,CHLA,DEPTH_M
MAI20120412,Maria Island,-42.59667,148.23333,2012-04-12 10:45:00,16.619993524998,0.572120845,88
YON20120208,Yongala,-19.30847,147.61842,2012-02-08 10:49:00,29.709993232414,0.574233174,24.149
MAI20090421,Maria Island,-42.59667,148.23333,2009-04-21 11:45:00,15.869993541762,0.302302837,88
PHB20090819,Port Hacking,-34.11923,151.22667,2009-08-20 09:19:00,17.089993514493,0.534970701,111.042
KAI20100419,Kangaroo Island,-35.83217,136.44733,2010-04-20 07:00:00,17.944993495382,0.323766619,108.088
NSI20100322,North Stradbroke Island,-27.345,153.562,2010-03-23 09:15:00,25.734993321262,0.341044515,63.8002
PHB20110517,Port Hacking,-34.11923,151.22667,2011-05-18 09:25:00,20.519993437827,0.794231653,111.042
PHB20090714,Port Hacking,-34.11923,151.22667,2009-07-15 09:15:00,18.029993493482,0.365136683,111.042
MAI20120222,Maria Island,-42.59667,148.23333,2012-02-22 11:00:00,17.964993494935,0.378864408,88
NSI20110727,North Stradbroke Island,-27.345,153.562,2011-07-28 09:30:00,20.549993437156,0.6071226,63.8002
NIN20110209,Ningaloo,-21.99,113.779,2011-02-09 10:15:00,28.909993250296,0.149204865,595.598
ROT20110324,Rottnest Island,-32,115.41667,2011-03-24 09:35:00,23.97999336049,0.398882419,44.6421
PHB20100908,Port Hacking,-34.11923,151.22667,2010-09-09 09:30:00,17.429993506894,1.978702784,111.042
ROT20101215,Rottnest Island,-32,115.41667,2010-12-15 10:20:00,20.482493438665,0.173729241,44.6421
MAI20111214,Maria Island,-42.59667,148.23333,2011-12-15 10:35:00,15.494993550144,0.541484177,88
ROT20091026,Rottnest Island,-32,115.41667,2009-10-26 09:53:00,18.664993479289,0.218302906,44.6421
ROT20111020,Rottnest Island,-32,115.41667,2011-10-20 12:00:00,19.292493465263,0.243556142,44.6421
PHB20100609,Port Hacking,-34.11923,151.22667,2010-06-09 10:53:00,19.639993457496,0.41615203,111.042
PHB20090924,Port Hacking,-34.11923,151.22667,2009-09-25 08:45:00,16.959993517399,2.380852938,111.042
ROT20110622,Rottnest Island,-32,115.41667,2011-06-22 10:00:00,20.939993428439,0.564935505,44.6421
PHB20090223,Port Hacking,-34.11923,151.22667,2009-02-24 09:27:00,23.299993375689,5.247227669,111.042
KAI20111219,Kangaroo Island,-35.83217,136.44733,2011-12-20 09:30:00,17.369993508235,0.129382923,108.088
KAI20091115,Kangaroo Island,-35.83217,136.44733,2009-11-16 08:30:00,18.189993489906,0.168630674,108.088
NSI20100916,North Stradbroke Island,-27.345,153.562,2010-09-16 12:45:00,21.53499341514,0.731047451,63.8002
MAI20101027,Maria Island,-42.59667,148.23333,2010-10-27 12:50:00,12.854993609153,1.546268225,88
NSI20110606,North Stradbroke Island,-27.345,153.562,2011-06-06 10:00:00,23.844993363507,0.23223944,63.8002
DAR20120729_2230,Darwin,-12.4,130.76805,2012-07-30 08:00:00,24.244993354566,2.522149324,16.6025
NSI20090618,North Stradbroke Island,-27.345,153.562,2009-06-18 13:30:00,20.82463223,0.797356606,63.8002
NSI20090720,North Stradbroke Island,-27.345,153.562,2009-07-20 11:07:00,20.974993427657,0.517409325,63.8002
NSI20090819,North Stradbroke Island,-27.345,153.562,2009-08-20 08:45:00,20.22499344442,0.38310498,63.8002
PHB20120628,Port Hacking,-34.11923,151.22667,2012-06-28 10:00:00,19.619993457943,0.307269484,111.042
YON20120816,Yongala,-19.30847,147.61842,2012-08-16 00:00:00,22.469993394241,0.137568057,24.149
NIN20120827,Ningaloo,-21.99,113.779,2012-08-27 08:05:00,23.52499337066,0.244224757,595.598
DAR20121208_2000,Darwin,-12.4,130.76805,2012-12-09 05:30:00,31.119993200898,2.309886694,16.6025
DAR20121209_0300,Darwin,-12.4,130.76805,2012-12-09 12:30:00,31.119993200898,2.309886694,16.6025
PHB20120821,Port Hacking,-34.11923,151.22667,2012-08-22 09:19:00,18.059993492812,0.379028767,111.042
PHB20120917,Port Hacking,-34.11923,151.22667,2012-09-18 09:38:00,18.119993491471,0.459583253,111.042
MAI20130424,Maria Island,-42.59667,148.23333,2013-04-24 10:50:00,16.919993518293,0.487004936,88
YON20130220,Yongala,-19.30847,147.61842,2013-02-20 10:42:00,28.759993253648,0.401522726,24.149
YON20130416,Yongala,-19.30847,147.61842,2013-04-16 11:35:00,26.239993309975,0.617549121,24.149
PHB20121218,Port Hacking,-34.11923,151.22667,2012-12-19 09:31:00,21.039993426204,0.313766986,111.042
NSI20130806,North Stradbroke Island,-27.345,153.562,2013-08-06 10:15:00,21.864993407764,0.329332829,63.8002
PHB20130915,Port Hacking,-34.11923,151.22667,2013-09-16 08:15:00,19.469993461296,0.600596905,111.042
YON20130611,Yongala,-19.30847,147.61842,2013-06-11 13:34:00,23.799993364513,0.361990392,24.149
PHB20130319,Port Hacking,-34.11923,151.22667,2013-03-20 09:27:00,24.169993356243,0.521212101,111.042
ROT20130221,Rottnest Island,-32,115.41667,2013-02-21 12:55:00,24.082493358199,0.174428388,44.6421
KAI20130827,Kangaroo Island,-35.83217,136.44733,2013-08-28 08:55:00,15.829993542656,0.331862599,108.088
YON20140220,Yongala,-19.30847,147.61842,2014-02-20 10:48:00,27.899993272871,0.514439583,24.149
NSI20140507,North Stradbroke Island,-27.345,153.562,2014-05-07 10:25:00,24.829993341491,0.290957987,63.8002
MAI20140318,Maria Island,-42.59667,148.23333,2014-03-19 10:55:00,17.69499350097,0.307454437,88
PHB20140317,Port Hacking,-34.11923,151.22667,2014-03-18 09:48:00,22.909993384406,0.407104015,111.042
NSI20140917,North Stradbroke Island,-27.345,153.562,2014-09-17 10:30:00,22.424993395247,0.458656222,63.8002
DAR20140906_0930,Darwin,-12.4,130.76805,2014-09-06 19:00:00,25.76999332048,3.501465082,16.6025
YON20140501,Yongala,-19.30847,147.61842,2014-05-01 11:25:00,26.919993294775,0.269293368,24.149
PHB20141021,Port Hacking,-34.11923,151.22667,2014-10-22 09:30:00,19.29450038,0.935014248,111.042
DAR20141130,Darwin,-12.4,130.76805,2014-12-01 07:18:00,30.784993208386,,16.6025
MAI20141208,Maria Island,-42.59667,148.23333,2014-12-09 10:05:00,15.159993557632,0.428570062,88
KAI20141201,Kangaroo Island,-35.83217,136.44733,2014-12-02 06:05:00,17.559993503988,0.146353558,108.088
DAR20150316,Darwin,-12.4,130.76805,2015-03-17 08:35:00,30.094993223809,2.993261099,16.6025
PHB20150225,Port Hacking,-34.11923,151.22667,2015-02-26 09:37:00,23.379993373901,0.229325294,111.042
MAI20150224,Maria Island,-42.59667,148.23333,2015-02-25 10:20:00,18.174993490241,0.350195318,88
NSI20150512,North Stradbroke Island,-27.345,153.562,2015-05-12 10:15:00,24.529993348196,0.472878039,63.8002
NSI20150907,North Stradbroke Island,-27.345,153.562,2015-09-07 10:40:00,21.464993416704,0.847966433,63.8002
YON20150804,Yongala,-19.30847,147.61842,2015-08-04 11:45:00,23.419993373007,0.203513563,24.149
PHB20150630,Port Hacking,-34.11923,151.22667,2015-06-30 11:11:00,19.409993462637,0.423302621,111.042
YON20150825,Yongala,-19.30847,147.61842,2015-08-25 10:45:00,23.429993372783,0.164266482,24.149
NSI20160120,North Stradbroke Island,-27.345,153.562,2016-01-20 10:30:00,26.984993293323,0.192936912,63.8002
MAI20160428,Maria Island,-42.59667,148.23333,2016-04-28 10:47:00,17.5549935041,0.433946818,88
NSI20160318,North Stradbroke Island,-27.345,153.562,2016-03-18 10:30:00,27.159993289411,0.219232902,63.8002
NSI20160517,North Stradbroke Island,-27.345,153.562,2016-05-17 10:30:00,25.279993331432,0.226483151,63.8002
KAI20160223,Kangaroo Island,-35.83217,136.44733,2016-02-24 07:55:00,19.71499345582,0.183026165,108.088
ROT20160413,Rottnest Island,-32,115.41667,2016-04-13 09:30:00,21.30665462,0.257739693,44.6421
PHB20160229,Port Hacking,-34.11923,151.22667,2016-03-01 09:00:00,25.819993319362,0.4310368,111.042
YON20160725,Yongala,-19.30847,147.61842,2016-07-25 10:25:00,24.839993341267,0.134456202,24.149
MAI20170626,Maria Island,-42.59667,148.23333,2017-06-27 09:25:00,13.7336557,0.526447713,88
KAI20180307,Kangaroo Island,-35.83217,136.44733,2018-03-07 12:20:00,20.113832,0.161458358,108.088
KAI20100315,Kangaroo Island,-35.83217,136.44733,2010-03-16 06:00:00,18.524271,0.478566468,108.088
KAI20090114,Kangaroo Island,-35.83217,136.44733,2009-01-15 08:00:00,,0.144453749,108.088
ROT20170523,Rottnest Island,-32,115.41667,2017-05-23 09:53:00,21.4099659,0.411407322,44.6421
ROT20170914,Rottnest Island,-32,115.41667,2017-09-14 09:45:00,18.8699702,0.218684316,44.6421
ROT20171214,Rottnest Island,-32,115.41667,2017-12-14 09:37:00,21.150023,0.184395596,44.6421
DAR20170203_0030,Darwin,-12.4,130.76805,2017-02-03 10:00:00,29.9527946,,16.6025
DAR20170203_0330,Darwin,-12.4,130.76805,2017-02-03 13:00:00,29.9527946,,16.6025
DAR20180209_0030,Darwin,-12.4,130.76805,2018-02-09 10:00:00,29.9565209,,16.6025
YON20180329,Yongala,-19.30847,147.61842,2018-03-29 10:27:00,27.2995841,0.325124323,24.149
YON20170816,Yongala,-19.30847,147.61842,2017-08-16 10:24:00,23.851264,0.142533422,24.149
YON20171130,Yongala,-19.30847,147.61842,2017-11-30 10:34:00,26.4846087,0.236755192,24.149
NSI20180302,North Stradbroke Island,-27.345,153.562,2018-03-02 10:25:00,27.641598,0.445609421,63.8002
PHB20180326,Port Hacking,-34.11923,151.22667,2018-03-27 09:40:00,22.7106248,0.789500713,111.042
YON20140717,Yongala,-19.30847,147.61842,2014-07-17 10:28:00,23.507333,0.203820497,24.149
PH420020729,Port Hacking 4,-34.11758,151.21815,2002-07-29 00:00:00,19.49999956,0.301633358,104.6
PH420040326,Port Hacking 4,-34.11758,151.21815,2004-03-26 00:00:00,22.81999949,0.187527895,104.6
PH420040625,Port Hacking 4,-34.11758,151.21815,2004-06-25 00:00:00,17.24999961,0.44468981,104.6
PH420040823,Port Hacking 4,-34.11758,151.21815,2004-08-23 00:00:00,18.47999959,0.317819774,104.6
PH420041027,Port Hacking 4,-34.11758,151.21815,2004-10-27 00:00:00,19.30999957,0.56776011,104.6
PH420070723,Port Hacking 4,-34.11758,151.21815,2007-07-23 00:00:00,16.97999962,0.2115134,104.6
PH420080130,Port Hacking 4,-34.11758,151.21815,2008-01-30 00:00:00,23.51999947,0.165321708,104.6
PH420080430,Port Hacking 4,-34.11758,151.21815,2008-04-30 00:00:00,20.51999954,0.225228861,104.6
ROT20161024,Rottnest Island,-32,115.41667,2016-10-24 09:35:00,18.05998549,0.246976852,44.6421
NSI20161215,North Stradbroke Island,-27.345,153.562,2016-12-15 10:15:00,24.45232695,0.418462038,63.8002
DAR20161107,Darwin,-12.4,130.76805,2016-11-08 08:11:00,29.3042988,,16.6025
DAR20180509,Darwin,-12.4,130.76805,2018-05-10 07:02:00,30.028896,2.411756516,16.6025
KAI20180515,Kangaroo Island,-35.83217,136.44733,2018-05-16 08:15:00,18.1714418,0.277730018,108.088
MAI20180627,Maria Island,-42.59667,148.23333,2018-06-28 09:00:00,13.4647005,0.572728336,88
NSI20180530,North Stradbroke Island,-27.345,153.562,2018-05-30 10:20:00,23.857757,0.282428801,63.8002
ROT20180620,Rottnest Island,-32,115.41667,2018-06-20 09:56:00,20.33331,0.580068707,44.6421
ROT20180719,Rottnest Island,-32,115.41667,2018-07-19 09:35:00,19.23832,0.513360202,44.6421
YON20180425,Yongala,-19.30847,147.61842,2018-04-26 09:48:00,26.8922227,0.235702217,24.149
ROT20181211,Rottnest Island,-32,115.41667,2018-12-11 09:24:00,19.45166,0.1555726,44.6421
MAI20190925,Maria Island,-42.59667,148.23333,2019-09-25 10:03:00,11.35999997,0.510031164,88
ROT20190711,Rottnest Island,-32,115.41667,2019-07-11 09:26:00,20.51392865,0.494115607,44.6421
ROT20190125,Rottnest Island,-32,115.41667,2019-01-25 09:35:00,21.08289995,0.196888277,44.6421
NSI20190618,North Stradbroke Island,-27.345,153.562,2019-06-18 10:00:00,22.42776309,1.141594671,63.8002
YON20190826,Yongala,-19.30847,147.61842,2019-08-26 10:40:00,22.77724991,0.289224184,24.149
NSI20200122,North Stradbroke Island,-27.345,153.562,2020-01-22 10:35:00,26.96046049,1.977271992,63.8002
DAR20190529,Darwin,-12.4,130.76805,2019-05-30 08:39:00,28.33407966,,16.6025
PHB20190227,Port Hacking,-34.11923,151.22667,2019-02-28 10:35:00,24.6283411,,111.042
DAR20190213_2130,Darwin,-12.4,130.76805,2019-02-14 07:00:00,29.64597503,,16.6025
MAI20200526,Maria Island,-42.59667,148.23333,2020-05-26 10:10:00,13.80550193,,88
MAI20200628,Maria Island,-42.59667,148.23333,2020-06-29 09:45:00,13.4501532,,88
ROT20200520,Rottnest Island,-32,115.41667,2020-05-20 09:22:00,21.92332181,,44.6421
ROT20200825,Rottnest Island,-32,115.41667,2020-08-25 10:40:00,19.18165167,,44.6421
YON20200710,Yongala,-19.30847,147.61842,2020-07-11 09:25:00,23.13325047,,24.149
PHB20101110,Port Hacking,-34.11923,151.22667,2010-11-11 09:10:00,19.01176421,0.463346958,111.042
NSI20100411,North Stradbroke Island,-27.345,153.562,2010-04-12 08:35:00,25.68499332238,0.426104993,63.8002
PHB20090422,Port Hacking,-34.11923,151.22667,2009-04-23 09:38:00,22.0654673,0.328889817,111.042
ROT20100617,Rottnest Island,-32,115.41667,2010-06-17 10:05:00,20.644993435033,0.465263963,44.6421
YON20100729,Yongala,-19.30847,147.61842,2010-07-29 11:22:00,23.0399933815,0.165228233,24.149
ESP20090512,Esperance,-33.93333,121.85,2009-05-12 12:10:00,19.189993467554,,49.3207
NSI20091115,North Stradbroke Island,-27.345,153.562,2009-11-16 08:20:00,24.014993359707,0.234188169,63.8002
MAI20100527,Maria Island,-42.59667,148.23333,2010-05-27 11:30:00,15.069993559644,0.409724861,88
PHB20120311,Port Hacking,-34.11923,151.22667,2012-03-12 09:00:00,21.319993419945,0.33985737,111.042
NSI20111013,North Stradbroke Island,-27.345,153.562,2011-10-13 10:30:00,21.844993408211,0.193576276,63.8002
ESP20100629,Esperance,-33.93333,121.85,2010-06-29 10:05:00,17.364993508346,,49.3207
NSI20110412,North Stradbroke Island,-27.345,153.562,2011-04-13 09:25:00,25.284993331321,0.175368696,63.8002
MAI20120326,Maria Island,-42.59667,148.23333,2012-03-27 10:40:00,17.644993502088,0.4027749,88
KAI20100112,Kangaroo Island,-35.83217,136.44733,2010-01-13 07:00:00,19.459993461519,0.165260956,108.088
NSI20110816,North Stradbroke Island,-27.345,153.562,2011-08-16 10:00:00,20.094993447326,0.313394159,63.8002
ESP20090917,Esperance,-33.93333,121.85,2009-09-17 09:40:00,15.87499354165,,49.3207
PHB20090920,Port Hacking,-34.11923,151.22667,2009-09-21 09:17:00,17.419993507117,0.917355478,111.042
MAI20091207,Maria Island,-42.59667,148.23333,2009-12-07 11:10:00,14.479993572831,0.52935493,88
ROT20100520,Rottnest Island,-32,115.41667,2010-05-20 10:05:00,20.584993436374,0.380378723,44.6421
NSI20090916,North Stradbroke Island,-27.345,153.562,2009-09-17 08:30:00,22.579993391782,0.275063396,63.8002
DAR20120729_1930,Darwin,-12.4,130.76805,2012-07-30 05:00:00,24.244993354566,2.522149324,16.6025
MAI20120724,Maria Island,-42.59667,148.23333,2012-07-24 10:50:00,12.689993612841,0.484458238,88
NSI20081119,North Stradbroke Island,-27.345,153.562,2008-11-19 10:30:00,27.47499328237,0.134295806,63.8002
YON20120615,Yongala,-19.30847,147.61842,2012-06-15 10:41:00,23.559993369877,0.275512129,24.149
YON20120726,Yongala,-19.30847,147.61842,2012-07-26 11:00:00,22.249993399158,0.226745829,24.149
ROT20120824,Rottnest Island,-32,115.41667,2012-08-24 11:06:00,18.102493491862,0.24647072,44.6421
YON20121219,Yongala,-19.30847,147.61842,2012-12-19 10:20:00,27.819993274659,0.361330301,24.149
ESP20120309,Esperance,-33.93333,121.85,2012-03-09 09:34:00,21.16499342341,,49.3207
ROT20121019,Rottnest Island,-32,115.41667,2012-10-19 09:54:00,19.054993470572,0.152173802,44.6421
KAI20130423,Kangaroo Island,-35.83217,136.44733,2013-04-23 13:16:00,18.919993473589,0.237989292,108.088
KAI20130506,Kangaroo Island,-35.83217,136.44733,2013-05-07 07:55:00,19.369993463531,0.337461978,108.088
NSI20130819,North Stradbroke Island,-27.345,153.562,2013-08-19 10:10:00,22.469993394241,0.59413451,63.8002
DAR20130617_0800,Darwin,-12.4,130.76805,2013-06-17 17:30:00,27.204993288405,2.460482836,16.6025
DAR20130617_1130,Darwin,-12.4,130.76805,2013-06-17 21:00:00,27.204993288405,2.460482836,16.6025
NSI20140213,North Stradbroke Island,-27.345,153.562,2014-02-13 10:20:00,25.629993323609,0.140393093,63.8002
MAI20131117,Maria Island,-42.59667,148.23333,2013-11-18 10:50:00,14.314993576519,0.688629508,88
MAI20131217,Maria Island,-42.59667,148.23333,2013-12-17 11:05:00,15.359993553162,0.452616572,88
YON20131015,Yongala,-19.30847,147.61842,2013-10-15 11:40:00,25.829993319139,0.287800938,24.149
MAI20140205,Maria Island,-42.59667,148.23333,2014-02-05 11:05:00,16.924993518181,0.383079082,88
PHB20140211,Port Hacking,-34.11923,151.22667,2014-02-12 09:57:00,21.899993406981,0.559817612,111.042
NSI20140404,North Stradbroke Island,-27.345,153.562,2014-04-04 10:45:00,26.099993313104,0.253507406,63.8002
ROT20141014,Rottnest Island,-32,115.41667,2014-10-14 11:52:00,19.614993458055,0.23844412,44.6421
PHB20150121,Port Hacking,-34.11923,151.22667,2015-01-22 09:48:00,23.279993376136,0.684081078,111.042
DAR20150202_2130,Darwin,-12.4,130.76805,2015-02-03 07:00:00,30.804993207939,2.75117898,16.6025
MAI20150421,Maria Island,-42.59667,148.23333,2015-04-21 10:50:00,16.859993519634,0.487098515,88
ROT20150827,Rottnest Island,-32,115.41667,2015-08-27 11:15:00,18.617493480351,0.213513643,44.6421
NSI20151216,North Stradbroke Island,-27.345,153.562,2015-12-16 10:30:00,26.049993314222,0.160934806,63.8002
MAI20160303,Maria Island,-42.59667,148.23333,2016-03-04 10:15:00,19.654993457161,0.470248729,88
MAI20160321,Maria Island,-42.59667,148.23333,2016-03-22 10:11:00,19.439993461967,0.416569561,88
MAI20160530,Maria Island,-42.59667,148.23333,2016-05-31 09:45:00,14.844993564673,0.592904687,88
ROT20160324,Rottnest Island,-32,115.41667,2016-03-24 09:47:00,22.282493398432,0.145237774,44.6421
ROT20160527,Rottnest Island,-32,115.41667,2016-05-27 09:30:00,19.664993456937,0.770221353,44.6421
PHB20160407,Port Hacking,-34.11923,151.22667,2016-04-08 09:13:00,23.219993377477,0.190119907,111.042
PHB20160719,Port Hacking,-34.11923,151.22667,2016-07-19 10:19:00,19.509993460402,0.393170595,111.042
MAI20130528,Maria Island,-42.59667,148.23333,2013-05-28 10:56:00,15.4244727,0.243983939,88
MAI20180605,Maria Island,-42.59667,148.23333,2018-06-06 09:30:00,14.8597484,0.488802195,88
MAI20170601,Maria Island,-42.59667,148.23333,2017-06-02 09:00:00,15.3126877,0.360934943,88
MAI20170801,Maria Island,-42.59667,148.23333,2017-08-01 10:01:00,12.8966997,0.444360346,88
MAI20180301,Maria Island,-42.59667,148.23333,2018-03-02 09:30:00,18.9758965,0.372916371,88
ROT20171123,Rottnest Island,-32,115.41667,2017-11-23 10:05:00,21.0599892,0.213828862,44.6421
ROT20180328,Rottnest Island,-32,115.41667,2018-03-28 09:23:00,21.7899991,0.49653855,44.6421
DAR20170714_2130,Darwin,-12.4,130.76805,2017-07-15 07:00:00,26.6513285,1.570851564,16.6025
YON20171025,Yongala,-19.30847,147.61842,2017-10-26 09:56:00,26.1493704,0.296201706,24.149
YON20171215,Yongala,-19.30847,147.61842,2017-12-15 10:44:00,27.9504443,0.224209711,24.149
YON20170906,Yongala,-19.30847,147.61842,2017-09-06 10:00:00,25.0572681,0.28107366,24.149
NSI20171219,North Stradbroke Island,-27.345,153.562,2017-12-19 10:45:00,26.448224,0.127020225,63.8002
NSI20180417,North Stradbroke Island,-27.345,153.562,2018-04-17 10:15:00,26.4983907,0.15591161,63.8002
PHB20180123,Port Hacking,-34.11923,151.22667,2018-01-24 09:41:00,22.7509569,,111.042
PHB20101013,Port Hacking,-34.11923,151.22667,2010-10-14 10:18:00,19.4119373,1.629148364,111.042
PHB20101019,Port Hacking,-34.11923,151.22667,2010-10-20 10:40:00,19.0876779,1.629148364,111.042
PH420020604,Port Hacking 4,-34.11758,151.21815,2002-06-04 00:00:00,19.61999956,,104.6
PH420021218,Port Hacking 4,-34.11758,151.21815,2002-12-18 00:00:00,23.37999948,0.312105566,104.6
PH420030120,Port Hacking 4,-34.11758,151.21815,2003-01-20 00:00:00,23.86999947,0.230627388,104.6
PH420030530,Port Hacking 4,-34.11758,151.21815,2003-05-30 00:00:00,19.62999956,0.65083921,104.6
PH420040421,Port Hacking 4,-34.11758,151.21815,2004-04-21 00:00:00,22.12999951,0.592360675,104.6
PH420050817,Port Hacking 4,-34.11758,151.21815,2005-08-17 00:00:00,19.08999957,0.773730159,104.6
PH420060224,Port Hacking 4,-34.11758,151.21815,2006-02-24 00:00:00,24.17999946,,104.6
PH420060724,Port Hacking 4,-34.11758,151.21815,2006-07-24 00:00:00,19.09999957,1.15029037,104.6
PH420070703,Port Hacking 4,-34.11758,151.21815,2007-07-03 00:00:00,17.6799996,0.878923476,104.6
PH420071026,Port Hacking 4,-34.11758,151.21815,2007-10-26 00:00:00,19.79999956,0.439213008,104.6
PH420080529,Port Hacking 4,-34.11758,151.21815,2008-05-29 00:00:00,20.02999955,0.524984717,104.6
KAI20110427,Kangaroo Island,-35.83217,136.44733,2011-04-28 07:35:00,18.4806317,0.254508615,108.088
NSI20161019,North Stradbroke Island,-27.345,153.562,2016-10-20 09:40:00,23.28005378,0.239374548,63.8002
YON20180720,Yongala,-19.30847,147.61842,2018-07-20 10:56:00,23.0990984,0.170779079,24.149
ROT20181024,Rottnest Island,-32,115.41667,2018-10-24 09:18:00,18.85666,0.205272287,44.6421
NSI20180718,North Stradbroke Island,-27.345,153.562,2018-07-18 10:20:00,21.4325718,0.483035564,63.8002
ROT20180831,Rottnest Island,-32,115.41667,2018-08-31 10:07:00,18.21832,0.266187549,44.6421
PHB20180905,Port Hacking,-34.11923,151.22667,2018-09-05 10:50:00,16.4634948,1.502333164,111.042
PHB20181120,Port Hacking,-34.11923,151.22667,2018-11-21 09:24:00,20.06705,1.2211182,111.042
NSI20181115,North Stradbroke Island,-27.345,153.562,2018-11-15 10:40:00,24.51042,0.2724879,63.8002
MAI20191121,Maria Island,-42.59667,148.23333,2019-11-22 09:23:00,10.40249991,27.31699061,88
PHB20190626,Port Hacking,-34.11923,151.22667,2019-06-27 09:38:00,19.56454561,0.495885359,111.042
NSI20190527,North Stradbroke Island,-27.345,153.562,2019-05-27 10:15:00,22.33541674,1.481434503,63.8002
DAR20190723_0030,Darwin,-12.4,130.76805,2019-07-23 10:00:00,25.75833299,4.268196901,16.6025
YON20191202,Yongala,-19.30847,147.61842,2019-12-03 09:45:00,26.15980779,1.058563216,24.149
DAR20190214_0330,Darwin,-12.4,130.76805,2019-02-14 13:00:00,29.64597503,,16.6025
MAI20191015,Maria Island,-42.59667,148.23333,2019-10-16 09:40:00,13.46747659,,88
MAI20191210,Maria Island,-42.59667,148.23333,2019-12-11 09:30:00,13.9496996,,88
MAI20200223,Maria Island,-42.59667,148.23333,2020-02-24 10:30:00,17.3546288,,88
YON20181213,Yongala,-19.30847,147.61842,2018-12-13 10:30:00,27.92992882,,24.149
MAI20190320,Maria Island,-42.59667,148.23333,2019-03-21 09:35:00,17.89459704,,88
ROT20190306,Rottnest Island,-32,115.41667,2019-03-06 10:24:00,21.87166121,,44.6421
PHB20200520,Port Hacking,-34.11923,151.22667,2020-05-20 10:01:00,20.76804451,,111.042
ROT20200730,Rottnest Island,-32,115.41667,2020-07-30 09:27:00,20.04165125,,44.6421
DAR20200922_0630,Darwin,-12.4,130.76805,2020-09-22 16:00:00,28.42332586,,16.6025
NSI20201221,North Stradbroke Island,-27.345,153.562,2020-12-21 10:30:00,26.26820091,,63.8002
PHB20110420,Port Hacking,-34.11923,151.22667,2011-04-21 09:36:00,22.759993387759,0.235714927,111.042
PHB20110619,Port Hacking,-34.11923,151.22667,2011-06-20 09:34:00,20.089993447438,0.609629631,111.042
PHB20111117,Port Hacking,-34.11923,151.22667,2011-11-18 09:36:00,19.01511988,0.557636082,111.042
MAI20090907,Maria Island,-42.59667,148.23333,2009-09-07 11:25:00,12.339993620664,0.490739793,88
MAI20091111,Maria Island,-42.59667,148.23333,2009-11-11 11:30:00,14.28499357719,1.035249114,88
PHB20100119,Port Hacking,-34.11923,151.22667,2010-01-20 09:20:00,23.029993381724,0.253961653,111.042
MAI20110328,Maria Island,-42.59667,148.23333,2011-03-29 10:30:00,16.604993525334,0.825290859,88
MAI20091013,Maria Island,-42.59667,148.23333,2009-10-13 11:00:00,12.46499361787,1.028854728,88
YON20100521,Yongala,-19.30847,147.61842,2010-05-21 12:56:00,24.729993343726,0.533118904,24.149
ROT20120130,Rottnest Island,-32,115.41667,2012-01-30 11:09:00,23.732493366022,0.198149741,44.6421
ESP20090623,Esperance,-33.93333,121.85,2009-06-23 09:20:00,17.519993504882,,49.3207
MAI20111005,Maria Island,-42.59667,148.23333,2011-10-05 12:24:00,13.159993602335,0.326497823,88
PHB20090518,Port Hacking,-34.11923,151.22667,2009-05-19 09:25:00,21.06674544,0.404396385,111.042
PHB20091011,Port Hacking,-34.11923,151.22667,2009-10-12 09:28:00,18.799993476272,0.67306453,111.042
MAI20100120,Maria Island,-42.59667,148.23333,2010-01-21 10:50:00,17.179993512481,0.459370166,88
PHB20110203,Port Hacking,-34.11923,151.22667,2011-02-04 09:58:00,24.169993356243,0.553619266,111.042
NSI20100121,North Stradbroke Island,-27.345,153.562,2010-01-22 09:50:00,26.759993298352,0.208296478,63.8002
ESP20111130,Esperance,-33.93333,121.85,2011-11-30 14:38:00,18.1499934908,,49.3207
YON20111027,Yongala,-19.30847,147.61842,2011-10-27 13:44:00,25.179993333668,0.141118869,24.149
YON20110323,Yongala,-19.30847,147.61842,2011-03-23 10:49:00,28.649993256107,1.362596512,24.149
ROT20110725,Rottnest Island,-32,115.41667,2011-07-25 10:20:00,19.062493470404,0.168675512,44.6421
MAI20120119,Maria Island,-42.59667,148.23333,2012-01-19 12:00:00,18.284993487783,0.364951015,88
NSI20101115,North Stradbroke Island,-27.345,153.562,2010-11-16 09:30:00,25.214993332885,0.133872107,63.8002
MAI20110725,Maria Island,-42.59667,148.23333,2011-07-25 12:15:00,12.514993616752,0.494619608,88
MAI20120621,Maria Island,-42.59667,148.23333,2012-06-21 11:00:00,13.364993597753,0.443155706,88
NSI20090114,North Stradbroke Island,-27.345,153.562,2009-01-14 10:30:00,27.47499328237,0.163699955,63.8002
NSI20120229,North Stradbroke Island,-27.345,153.562,2012-03-01 09:45:00,26.459993305057,1.018820047,63.8002
PHB20120717,Port Hacking,-34.11923,151.22667,2012-07-17 10:00:00,17.9329572,2.736007214,111.042
ROT20120727,Rottnest Island,-32,115.41667,2012-07-27 09:55:00,18.427493484598,0.291411102,44.6421
NSI20121114,North Stradbroke Island,-27.345,153.562,2012-11-14 10:45:00,24.334993352555,0.250484943,63.8002
DAR20121208_1630,Darwin,-12.4,130.76805,2012-12-09 02:00:00,31.119993200898,2.309886694,16.6025
YON20121026,Yongala,-19.30847,147.61842,2012-10-26 11:20:00,25.019993337244,0.161592111,24.149
MAI20121017,Maria Island,-42.59667,148.23333,2012-10-18 10:52:00,12.354993620329,0.933449268,88
KAI20130220,Kangaroo Island,-35.83217,136.44733,2013-02-21 07:20:00,19.894993451796,0.218573555,108.088
NSI20130913,North Stradbroke Island,-27.345,153.562,2013-09-13 10:25:00,22.709993388876,0.200612441,63.8002
YON20130912,Yongala,-19.30847,147.61842,2013-09-12 11:26:00,23.799993364513,0.347146571,24.149
PHB20130514,Port Hacking,-34.11923,151.22667,2013-05-15 09:40:00,23.269993376359,0.942878366,111.042
ESP20130314,Esperance,-33.93333,121.85,2013-03-14 09:24:00,20.839993430674,0.766273856,49.3207
NIN20130806,Ningaloo,-21.99,113.779,2013-08-06 14:03:00,23.594993369095,0.304489255,595.598
MAI20130611,Maria Island,-42.59667,148.23333,2013-06-11 11:55:00,14.209993578866,0.46921289,88
MAI20130924,Maria Island,-42.59667,148.23333,2013-09-24 11:40:00,13.524993594177,0.540814102,88
MAI20130821,Maria Island,-42.59667,148.23333,2013-08-21 11:21:00,13.074993604235,0.47106126,88
NSI20131121,North Stradbroke Island,-27.345,153.562,2013-11-22 09:55:00,23.944993361272,0.305887967,63.8002
NSI20131016,North Stradbroke Island,-27.345,153.562,2013-10-16 10:40:00,22.449993394688,0.3421368,63.8002
DAR20140118_0030,Darwin,-12.4,130.76805,2014-01-18 10:00:00,30.499993214756,2.965517044,16.6025
DAR20140118_0330,Darwin,-12.4,130.76805,2014-01-18 13:00:00,30.499993214756,2.965517044,16.6025
PHB20131202,Port Hacking,-34.11923,151.22667,2013-12-03 09:30:00,21.24999342151,0.316004932,111.042
PHB20140120,Port Hacking,-34.11923,151.22667,2014-01-21 09:43:00,22.539993392676,0.411992759,111.042
NSI20140623,North Stradbroke Island,-27.345,153.562,2014-06-23 10:20:00,23.644993367977,0.786502779,63.8002
MAI20140703,Maria Island,-42.59667,148.23333,2014-07-03 11:30:00,13.919993585348,0.399306655,88
KAI20140122,Kangaroo Island,-35.83217,136.44733,2014-01-22 15:15:00,19.794993454032,0.210008428,108.088
MAI20140807,Maria Island,-42.59667,148.23333,2014-08-07 12:00:00,13.389993597195,0.455190748,88
KAI20140313,Kangaroo Island,-35.83217,136.44733,2014-03-13 14:00:00,18.724993477948,0.617768705,108.088
NSI20141020,North Stradbroke Island,-27.345,153.562,2014-10-20 10:45:00,23.089993380383,0.197808385,63.8002
PHB20140911,Port Hacking,-34.11923,151.22667,2014-09-11 10:13:00,18.34999348633,1.743965983,111.042
ROT20140319,Rottnest Island,-32,115.41667,2014-03-19 12:30:00,22.007493404578,0.236902505,44.6421
NSI20141107,North Stradbroke Island,-27.345,153.562,2014-11-07 10:35:00,24.239993354678,0.159417316,63.8002
MAI20141127,Maria Island,-42.59667,148.23333,2014-11-28 09:30:00,14.54708134,0.286135346,88
PHB20141208,Port Hacking,-34.11923,151.22667,2014-12-09 09:51:00,21.58999341391,1.227622271,111.042
DAR20150203_0030,Darwin,-12.4,130.76805,2015-02-03 10:00:00,30.804993207939,2.75117898,16.6025
ROT20150128,Rottnest Island,-32,115.41667,2015-01-28 10:15:00,22.634993390553,0.15453513,44.6421
NSI20150323,North Stradbroke Island,-27.345,153.562,2015-03-23 11:40:00,26.799993297458,0.162479967,63.8002
NSI20150528,North Stradbroke Island,-27.345,153.562,2015-05-28 10:15:00,23.149993379042,0.597185552,63.8002
KAI20150224,Kangaroo Island,-35.83217,136.44733,2015-02-25 08:55:00,19.51499346029,0.199949935,108.088
MAI20150526,Maria Island,-42.59667,148.23333,2015-05-26 10:35:00,13.889993586019,0.493456244,88
KAI20150629,Kangaroo Island,-35.83217,136.44733,2015-06-30 07:35:00,15.924993540533,0.332536668,108.088
PHB20150518,Port Hacking,-34.11923,151.22667,2015-05-19 09:43:00,20.839993430674,0.517038405,111.042
MAI20151118,Maria Island,-42.59667,148.23333,2015-11-19 10:45:00,15.554993548803,0.600559235,88
MAI20160209,Maria Island,-42.59667,148.23333,2016-02-10 10:45:00,20.029993448779,0.701866448,88
NSI20160623,North Stradbroke Island,-27.345,153.562,2016-06-23 10:30:00,22.704993388988,0.372741163,63.8002
PHB20160502,Port Hacking,-34.11923,151.22667,2016-05-03 09:14:00,21.529993415251,1.378926635,111.042
YON20160601,Yongala,-19.30847,147.61842,2016-06-01 10:46:00,26.439993305504,0.343554586,24.149
DAR20160724_0130,Darwin,-12.4,130.76805,2016-07-24 11:01:00,25.964993316121,1.96059823,16.6025
DAR20160724_0730,Darwin,-12.4,130.76805,2016-07-24 17:00:00,25.964993316121,1.96059823,16.6025
KAI20170908,Kangaroo Island,-35.83217,136.44733,2017-09-08 15:00:00,14.6618721,0.258439481,108.088
ROT20170407,Rottnest Island,-32,115.41667,2017-04-07 09:28:00,21.3099751,0.322566479,44.6421
ROT20180125,Rottnest Island,-32,115.41667,2018-01-25 10:00:00,21.9500392,0.186199978,44.6421
ROT20180511,Rottnest Island,-32,115.41667,2018-05-11 09:21:00,21.7999666,0.801223397,44.6421
DAR20170202_2130,Darwin,-12.4,130.76805,2017-02-03 07:00:00,29.9527946,,16.6025
DAR20170715_0330,Darwin,-12.4,130.76805,2017-07-15 13:00:00,26.6513285,1.570851564,16.6025
YON20180130,Yongala,-19.30847,147.61842,2018-01-30 10:05:00,28.6727546,0.25232321,24.149
NSI20180123,North Stradbroke Island,-27.345,153.562,2018-01-23 10:20:00,26.9532761,0.136362955,63.8002
PH420020625,Port Hacking 4,-34.11758,151.21815,2002-06-25 00:00:00,18.32999959,,104.6
PH420020926,Port Hacking 4,-34.11758,151.21815,2002-09-26 00:00:00,18.25999959,1.265353322,104.6
PH420040914,Port Hacking 4,-34.11758,151.21815,2004-09-14 00:00:00,18.41999959,0.304875165,104.6
PH420051115,Port Hacking 4,-34.11758,151.21815,2005-11-15 00:00:00,21.33999952,5.72582674,104.6
PH420080620,Port Hacking 4,-34.11758,151.21815,2008-06-20 00:00:00,20.01999955,0.332848638,104.6
PH420081017,Port Hacking 4,-34.11758,151.21815,2008-10-17 00:00:00,21.05999953,1.053952336,104.6
NSI20160822,North Stradbroke Island,-27.345,153.562,2016-08-22 10:50:00,21.77617861,0.257880658,63.8002
YON20160823,Yongala,-19.30847,147.61842,2016-08-23 10:19:00,23.8769151,0.221033156,24.149
ROT20161004,Rottnest Island,-32,115.41667,2016-10-04 10:38:00,17.16331791,0.221771017,44.6421
NSI20170117,North Stradbroke Island,-27.345,153.562,2017-01-17 10:30:00,27.04324249,0.487327963,63.8002
NSI20170217,North Stradbroke Island,-27.345,153.562,2017-02-17 10:30:00,27.16202329,0.228563622,63.8002
NSI20170829,North Stradbroke Island,-27.345,153.562,2017-08-29 11:50:00,22.2496018,0.330584973,63.8002
ROT20170331,Rottnest Island,-32,115.41667,2017-03-31 10:24:00,21.29832002,0.461807191,44.6421
ROT20161114,Rottnest Island,-32,115.41667,2016-11-14 09:45:00,19.38832286,0.15065597,44.6421
YON20161012,Yongala,-19.30847,147.61842,2016-10-12 10:26:00,26.0972018,0.182984918,24.149
MAI20170323,Maria Island,-42.59667,148.23333,2017-03-24 09:30:00,18.03979743,0.708364785,88
ROT20161214,Rottnest Island,-32,115.41667,2016-12-14 09:35:00,20.30832164,0.164394811,44.6421
NSI20170516,North Stradbroke Island,-27.345,153.562,2017-05-16 10:20:00,23.68016977,0.311142862,63.8002
PHB20180528,Port Hacking,-34.11923,151.22667,2018-05-29 09:50:00,20.5047516,0.494655132,111.042
YON20180602,Yongala,-19.30847,147.61842,2018-06-03 09:10:00,23.8529443,0.504250944,24.149
MAI20180919,Maria Island,-42.59667,148.23333,2018-09-20 09:50:00,12.302427,0.927899182,88
MAI20181018,Maria Island,-42.59667,148.23333,2018-10-19 08:45:00,13.8560752,0.76263088,88
MAI20181204,Maria Island,-42.59667,148.23333,2018-12-05 09:10:00,15.57343,0.3679684,88
YON20181123,Yongala,-19.30847,147.61842,2018-11-23 10:05:00,27.07978,0.2904795,24.149
MAI20190828,Maria Island,-42.59667,148.23333,2019-08-29 09:20:00,11.79339999,0.694769286,88
KAI20190514,Kangaroo Island,-35.83217,136.44733,2019-05-14 15:35:00,17.90039686,0.390002069,108.088
KAI20190320,Kangaroo Island,-35.83217,136.44733,2019-03-20 13:40:00,19.28025005,0.177105757,108.088
ROT20190819,Rottnest Island,-32,115.41667,2019-08-19 08:31:00,19.99904984,0.316238618,44.6421
ROT20190527,Rottnest Island,-32,115.41667,2019-05-27 09:28:00,22.19035351,0.421521235,44.6421
PHB20190121,Port Hacking,-34.11923,151.22667,2019-01-22 09:43:00,22.26971256,0.293083086,111.042
PHB20200224,Port Hacking,-34.11923,151.22667,2020-02-25 08:52:00,22.7778571,1.322954436,111.042
YON20191107,Yongala,-19.30847,147.61842,2019-11-07 10:10:00,25.98104764,,24.149
DAR20200204_0330,Darwin,-12.4,130.76805,2020-02-04 13:00:00,30.23292102,,16.6025
KAI20191127,Kangaroo Island,-35.83217,136.44733,2019-11-27 14:25:00,16.50594712,,108.088
YON20190124,Yongala,-19.30847,147.61842,2019-01-24 11:12:00,28.04230832,,24.149
NSI20200528,North Stradbroke Island,-27.345,153.562,2020-05-28 11:00:00,22.66149859,,63.8002
ROT20200605,Rottnest Island,-32,115.41667,2020-06-05 09:13:00,21.77332621,,44.6421
YON20200611,Yongala,-19.30847,147.61842,2020-06-12 09:09:00,23.76402418,,24.149
MAI20201118,Maria Island,-42.59667,148.23333,2020-11-19 09:45:00,15.32974538,,88
PHB20200922,Port Hacking,-34.11923,151.22667,2020-09-23 09:19:00,17.97143333,,111.042
PHB20201013,Port Hacking,-34.11923,151.22667,2020-10-14 09:48:00,18.74525721,,111.042
YON20200904,Yongala,-19.30847,147.61842,2020-09-04 11:11:00,23.32675467,,24.149
MAI20090716,Maria Island,-42.59667,148.23333,2009-07-16 11:36:00,12.7499936115,0.474624902,88
NIN20120226,Ningaloo,-21.99,113.779,2012-02-26 09:54:00,27.169993289188,0.195069328,595.598
MAI20110531,Maria Island,-42.59667,148.23333,2011-05-31 11:38:00,13.849993586913,0.604639351,88
ROT20100924,Rottnest Island,-32,115.41667,2010-09-24 12:22:00,19.699993456155,0.269133568,44.6421
DAR20110627,Darwin,-12.4,130.76805,2011-06-27 13:48:00,23.444993372448,2.399460316,16.6025
ROT20101124,Rottnest Island,-32,115.41667,2010-11-24 11:07:00,20.772493432183,0.159513891,44.6421
KAI20110319,Kangaroo Island,-35.83217,136.44733,2011-03-20 09:40:00,17.829993497953,0.422725588,108.088
PHB20100218,Port Hacking,-34.11923,151.22667,2010-02-19 09:05:00,23.48585039,0.191359654,111.042
KAI20120215,Kangaroo Island,-35.83217,136.44733,2012-02-15 11:50:00,18.249993488565,0.150766328,108.088
YON20110811,Yongala,-19.30847,147.61842,2011-08-11 11:00:00,21.639993412793,0.259085566,24.149
ROT20110826,Rottnest Island,-32,115.41667,2011-08-26 09:43:00,19.289993465319,0.510205567,44.6421
NSI20091101,North Stradbroke Island,-27.345,153.562,2009-11-02 09:02:00,24.214993355237,0.241595298,63.8002
NSI20091021,North Stradbroke Island,-27.345,153.562,2009-10-22 09:20:00,23.12417778,0.903369904,63.8002
YON20100224,Yongala,-19.30847,147.61842,2010-02-24 10:58:00,29.229993243143,0.316319585,24.149
NIN20110501,Ningaloo,-21.99,113.779,2011-05-01 08:24:00,28.349993262812,0.231318861,595.598
MAI20110223,Maria Island,-42.59667,148.23333,2011-02-23 11:15:00,17.199993512034,0.315752745,88
ROT20110224,Rottnest Island,-32,115.41667,2011-02-24 09:35:00,24.06499335859,0.261099875,44.6421
NSI20110119,North Stradbroke Island,-27.345,153.562,2011-01-19 10:00:00,26.759993298352,0.169651523,63.8002
NSI20100817,North Stradbroke Island,-27.345,153.562,2010-08-18 08:25:00,21.294993420504,0.529543579,63.8002
NSI20101018,North Stradbroke Island,-27.345,153.562,2010-10-18 10:00:00,21.814993408881,0.489341944,63.8002
NSI20090416,North Stradbroke Island,-27.345,153.562,2009-04-16 10:30:00,25.209993332997,1.119206905,63.8002
NSI20120620,North Stradbroke Island,-27.345,153.562,2012-06-20 10:20:00,21.684993411787,0.601634264,63.8002
NSI20120806,North Stradbroke Island,-27.345,153.562,2012-08-06 10:15:00,21.879993407428,0.235822335,63.8002
PHB20100413,Port Hacking,-34.11923,151.22667,2010-04-14 09:18:00,21.279993420839,0.38391903,111.042
MAI20121002,Maria Island,-42.59667,148.23333,2012-10-02 10:15:00,12.454993618093,0.596695662,88
NSI20130123,North Stradbroke Island,-27.345,153.562,2013-01-23 10:15:00,27.119993290305,0.201092467,63.8002
MAI20130313,Maria Island,-42.59667,148.23333,2013-03-14 10:00:00,17.859993497282,0.48564744,88
PHB20121120,Port Hacking,-34.11923,151.22667,2012-11-21 09:30:00,19.47226105,0.335772276,111.042
PHB20130125,Port Hacking,-34.11923,151.22667,2013-01-25 10:54:00,22.8699933853,0.219996631,111.042
DAR20130916,Darwin,-12.4,130.76805,2013-09-16 11:26:00,27.744993276335,3.254241943,16.6025
DAR20130617_1500,Darwin,-12.4,130.76805,2013-06-18 00:30:00,27.379993284494,2.460482836,16.6025
ESP20130725,Esperance,-33.93333,121.85,2013-07-25 09:57:00,16.979993516952,,49.3207
ROT20130321,Rottnest Island,-32,115.41667,2013-03-21 11:34:00,22.704993388988,0.18186827,44.6421
MAI20130807,Maria Island,-42.59667,148.23333,2013-08-07 11:30:00,13.584993592836,0.439445138,88
ROT20131017,Rottnest Island,-32,115.41667,2013-10-17 08:00:00,18.844993475266,0.340634584,44.6421
ROT20131122,Rottnest Island,-32,115.41667,2013-11-22 10:26:00,20.567493436765,0.178406239,44.6421
ROT20131218,Rottnest Island,-32,115.41667,2013-12-18 10:43:00,22.564993392117,0.142423779,44.6421
YON20131114,Yongala,-19.30847,147.61842,2013-11-14 10:32:00,26.729993299022,0.299702048,24.149
YON20140122,Yongala,-19.30847,147.61842,2014-01-22 10:00:00,29.059993246943,0.241533399,24.149
ROT20140122,Rottnest Island,-32,115.41667,2014-01-22 10:10:00,23.11249337988,0.287608922,44.6421
MAI20140516,Maria Island,-42.59667,148.23333,2014-05-16 10:20:00,16.249993533269,0.356080681,88
NSI20140725,North Stradbroke Island,-27.345,153.562,2014-07-25 10:35:00,21.689993411675,0.35694167,63.8002
NSI20140901,North Stradbroke Island,-27.345,153.562,2014-09-01 10:10:00,22.299993398041,0.39817673,63.8002
DAR20140906_0630,Darwin,-12.4,130.76805,2014-09-06 16:00:00,25.76999332048,3.501465082,16.6025
KAI20140507,Kangaroo Island,-35.83217,136.44733,2014-05-07 13:45:00,18.034993493371,0.343468279,108.088
PHB20140824,Port Hacking,-34.11923,151.22667,2014-08-25 09:57:00,18.35064073,0.66032505,111.042
ROT20140519,Rottnest Island,-32,115.41667,2014-05-19 12:22:00,21.029993426427,0.356752813,44.6421
ROT20140624,Rottnest Island,-32,115.41667,2014-06-24 13:16:00,20.5524934371,0.55105114,44.6421
YON20140624,Yongala,-19.30847,147.61842,2014-06-24 10:53:00,24.139993356913,0.229085743,24.149
YON20140910,Yongala,-19.30847,147.61842,2014-09-10 10:35:00,23.329993375018,0.131122217,24.149
MAI20141029,Maria Island,-42.59667,148.23333,2014-10-30 09:27:00,14.35427291,0.30715251,88
ROT20141119,Rottnest Island,-32,115.41667,2014-11-19 10:16:00,20.087493447494,0.226315543,44.6421
ROT20150224,Rottnest Island,-32,115.41667,2015-02-24 10:17:00,22.982493382785,0.163083732,44.6421
YON20150119,Yongala,-19.30847,147.61842,2015-01-19 11:25:00,29.989993226156,0.147582039,24.149
NSI20150624,North Stradbroke Island,-27.345,153.562,2015-06-24 10:30:00,22.684993389435,0.440152407,63.8002
MAI20150723,Maria Island,-42.59667,148.23333,2015-07-23 10:45:00,12.819993609935,0.35392192,88
NSI20151119,North Stradbroke Island,-27.345,153.562,2015-11-19 10:24:00,24.999993337691,0.285828829,63.8002
KAI20150909,Kangaroo Island,-35.83217,136.44733,2015-09-09 12:50:00,14.45499357339,0.265223265,108.088
ROT20160223,Rottnest Island,-32,115.41667,2016-02-23 08:57:00,21.922493406478,0.191359326,44.6421
DAR20160202_0030,Darwin,-12.4,130.76805,2016-02-02 10:00:00,30.469993215427,2.400891781,16.6025
DAR20160202_0330,Darwin,-12.4,130.76805,2016-02-02 13:00:00,30.469993215427,2.400891781,16.6025
DAR20160202_0630,Darwin,-12.4,130.76805,2016-02-02 16:00:00,30.469993215427,2.400891781,16.6025
KAI20160525,Kangaroo Island,-35.83217,136.44733,2016-05-26 07:35:00,17.509993505105,0.504460692,108.088
MAI20160630,Maria Island,-42.59667,148.23333,2016-07-01 09:30:00,13.349993598089,0.640820861,88
PHB20160201,Port Hacking,-34.11923,151.22667,2016-02-02 10:52:00,24.249993354455,0.394568712,111.042
MAI20180315,Maria Island,-42.59667,148.23333,2018-03-16 08:45:00,18.6847946,0.304945767,88
MAI20180116,Maria Island,-42.59667,148.23333,2018-01-17 10:30:00,18.060797,0.384172797,88
KAI20090205,Kangaroo Island,-35.83217,136.44733,2009-02-05 14:05:00,,0.215630561,108.088
ROT20170626,Rottnest Island,-32,115.41667,2017-06-26 09:46:00,20.8299709,0.597450793,44.6421
DAR20170715_0030,Darwin,-12.4,130.76805,2017-07-15 10:00:00,26.6513285,1.570851564,16.6025
YON20170528,Yongala,-19.30847,147.61842,2017-05-29 08:11:00,25.3608667,0.323804259,24.149
PH420020318,Port Hacking 4,-34.11758,151.21815,2002-03-18 00:00:00,23.07999948,,104.6
PH420030211,Port Hacking 4,-34.11758,151.21815,2003-02-11 00:00:00,24.31999946,0.396386266,104.6
PH420030423,Port Hacking 4,-34.11758,151.21815,2003-04-23 00:00:00,21.80999951,0.771734893,104.6
PH420031210,Port Hacking 4,-34.11758,151.21815,2003-12-10 00:00:00,22.70999949,0.353519291,104.6
PH420040211,Port Hacking 4,-34.11758,151.21815,2004-02-11 00:00:00,23.22999948,0.214663789,104.6
PH420040725,Port Hacking 4,-34.11758,151.21815,2004-07-25 00:00:00,18.57999958,0.672609746,104.6
PH420041222,Port Hacking 4,-34.11758,151.21815,2004-12-22 00:00:00,21.21999953,0.142835975,104.6
PH420060130,Port Hacking 4,-34.11758,151.21815,2006-01-30 00:00:00,25.09999944,0.217643991,104.6
PH420061213,Port Hacking 4,-34.11758,151.21815,2006-12-13 00:00:00,23.20999948,,104.6
PH420070319,Port Hacking 4,-34.11758,151.21815,2007-03-19 00:00:00,23.48999947,0.501611412,104.6
PH420071128,Port Hacking 4,-34.11758,151.21815,2007-11-28 00:00:00,22.3999995,0.223940969,104.6
PH420080219,Port Hacking 4,-34.11758,151.21815,2008-02-19 00:00:00,23.43999948,0.285892069,104.6
PH420080805,Port Hacking 4,-34.11758,151.21815,2008-08-05 00:00:00,17.55999961,0.68862915,104.6
KAI20160915,Kangaroo Island,-35.83217,136.44733,2016-09-15 11:18:00,14.70586383,0.298751563,108.088
ROT20170120,Rottnest Island,-32,115.41667,2017-01-20 10:20:00,20.74166163,0.192736313,44.6421
MAI20161117,Maria Island,-42.59667,148.23333,2016-11-18 09:10:00,13.90610656,1.074092507,88
YON20170120,Yongala,-19.30847,147.61842,2017-01-20 10:00:00,29.3160016,0.447297752,24.149
ROT20170428,Rottnest Island,-32,115.41667,2017-04-28 09:52:00,21.29332022,0.296460807,44.6421
MAI20170104,Maria Island,-42.59667,148.23333,2017-01-05 09:45:00,16.83997964,0.527407169,88
MAI20180711,Maria Island,-42.59667,148.23333,2018-07-12 08:40:00,13.4651018,0.540162683,88
KAI20180820,Kangaroo Island,-35.83217,136.44733,2018-08-21 08:00:00,15.5388571,0.340319127,108.088
DAR20181030,Darwin,-12.4,130.76805,2018-10-31 08:26:00,30.2728494,2.388113976,16.6025
NSI20181023,North Stradbroke Island,-27.345,153.562,2018-10-23 10:30:00,23.6242806,0.175006166,63.8002
KAI20181204,Kangaroo Island,-35.83217,136.44733,2018-12-04 15:39:00,16.51001,0.2673365,108.088
NSI20190118,North Stradbroke Island,-27.345,153.562,2019-01-18 10:40:00,26.27775,0.1423061,63.8002
KAI20200204,Kangaroo Island,-35.83217,136.44733,2020-02-04 14:25:00,19.10834997,0.19443611,108.088
PHB20191118,Port Hacking,-34.11923,151.22667,2019-11-19 09:15:00,20.19888882,0.509465907,111.042
PHB20191216,Port Hacking,-34.11923,151.22667,2019-12-17 09:02:00,21.17186255,0.939027584,111.042
YON20200306,Yongala,-19.30847,147.61842,2020-03-06 10:25:00,29.28499975,0.611658543,24.149
MAI20190430,Maria Island,-42.59667,148.23333,2019-05-01 09:47:00,16.25634661,,88
PHB20190923,Port Hacking,-34.11923,151.22667,2019-09-24 09:36:00,18.56670283,,111.042
NSI20191220,North Stradbroke Island,-27.345,153.562,2019-12-20 10:20:00,25.40921293,,63.8002
NSI20190416,North Stradbroke Island,-27.345,153.562,2019-04-16 10:10:00,26.06575251,,63.8002
PHB20200831,Port Hacking,-34.11923,151.22667,2020-09-01 09:44:00,16.94629817,,111.042
MAI20201020,Maria Island,-42.59667,148.23333,2020-10-21 10:10:00,12.93826926,,88
MAI20200810,Maria Island,-42.59667,148.23333,2020-08-10 10:05:00,12.65138479,,88
PHB20200609,Port Hacking,-34.11923,151.22667,2020-06-10 09:32:00,19.46058843,,111.042
DAR20200922_0330,Darwin,-12.4,130.76805,2020-09-22 13:00:00,28.42332586,,16.6025
YON20200926,Yongala,-19.30847,147.61842,2020-09-26 12:33:00,24.89822778,,24.149
KAI20201123,Kangaroo Island,-35.83217,136.44733,2020-11-24 06:55:00,16.70664502,,108.088
YON20100909,Yongala,-19.30847,147.61842,2010-09-09 11:00:00,24.269993354008,0.170614019,24.149
KAI20120116,Kangaroo Island,-35.83217,136.44733,2012-01-17 07:00:00,19.069993470237,0.122447528,108.088
YON20100119,Yongala,-19.30847,147.61842,2010-01-19 10:45:00,28.609993257001,0.289034069,24.149
NIN20110706,Ningaloo,-21.99,113.779,2011-07-06 11:04:00,24.179993356019,0.18693389,595.598
MAI20110812,Maria Island,-42.59667,148.23333,2011-08-12 10:55:00,14.509993572161,0.51788342,88
KAI20120415,Kangaroo Island,-35.83217,136.44733,2012-04-15 10:42:00,18.79566883,0.193405837,108.088
KAI20110718,Kangaroo Island,-35.83217,136.44733,2011-07-19 09:00:00,15.98999353908,0.264868498,108.088
NSI20091215,North Stradbroke Island,-27.345,153.562,2009-12-16 09:00:00,25.329993330315,0.743124485,63.8002
MAI20090820,Maria Island,-42.59667,148.23333,2009-08-20 11:30:00,12.769993611053,0.459239155,88
DAR20120114_2130,Darwin,-12.4,130.76805,2012-01-15 07:00:00,29.40999323912,,16.6025
MAI20120524,Maria Island,-42.59667,148.23333,2012-05-24 11:30:00,14.814993565343,0.368861586,88
ROT20100315,Rottnest Island,-32,115.41667,2010-03-15 10:00:00,22.434993395023,0.245392784,44.6421
MAI20100615,Maria Island,-42.59667,148.23333,2010-06-15 11:10:00,13.709993590042,0.67979455,88
MAI20101214,Maria Island,-42.59667,148.23333,2010-12-14 11:05:00,14.659993568808,0.793094993,88
PHB20090318,Port Hacking,-34.11923,151.22667,2009-03-19 09:39:00,22.899993384629,0.430368721,111.042
PHB20110228,Port Hacking,-34.11923,151.22667,2011-03-01 09:30:00,23.339993374795,,111.042
ROT20111221,Rottnest Island,-32,115.41667,2011-12-21 15:45:00,22.347493396979,0.144725531,44.6421
NSI20111116,North Stradbroke Island,-27.345,153.562,2011-11-16 10:00:00,23.764993365295,0.553032279,63.8002
ROT20100820,Rottnest Island,-32,115.41667,2010-08-20 14:30:00,19.407493462693,0.306159079,44.6421
YON20110118,Yongala,-19.30847,147.61842,2011-01-18 11:30:00,29.099993246049,0.95235157,24.149
MAI20111026,Maria Island,-42.59667,148.23333,2011-10-26 11:00:00,13.814993587695,0.845641494,88
MAI20100505,Maria Island,-42.59667,148.23333,2010-05-05 11:30:00,16.29935528,0.568205059,88
MAI20110118,Maria Island,-42.59667,148.23333,2011-01-19 10:30:00,16.479993528128,1.238344073,88
DAR20120115_0540,Darwin,-12.4,130.76805,2012-01-15 15:10:00,29.40999323912,,16.6025
YON20100413,Yongala,-19.30847,147.61842,2010-04-13 14:14:00,27.699993277341,0.473535955,24.149
YON20091123,Yongala,-19.30847,147.61842,2009-11-23 11:45:00,26.549993303046,0.387435019,24.149
YON20110908,Yongala,-19.30847,147.61842,2011-09-08 11:00:00,22.609993391111,0.256207317,24.149
MAI20090601,Maria Island,-42.59667,148.23333,2009-06-01 11:20:00,14.469993573055,,88
PHB20100510,Port Hacking,-34.11923,151.22667,2010-05-11 09:13:00,22.489993393794,0.61311239,111.042
NSI20110220,North Stradbroke Island,-27.345,153.562,2011-02-21 09:40:00,27.944993271865,0.148578629,63.8002
KAI20110223,Kangaroo Island,-35.83217,136.44733,2011-02-23 10:30:00,19.014993471466,0.454239815,108.088
MAI20110407,Maria Island,-42.59667,148.23333,2011-04-07 10:30:00,16.264993532933,0.665998042,88
NSI20110915,North Stradbroke Island,-27.345,153.562,2011-09-15 11:10:00,20.944993428327,0.307918131,63.8002
DAR20120730_0130,Darwin,-12.4,130.76805,2012-07-30 11:00:00,24.244993354566,2.522149324,16.6025
NSI20081217,North Stradbroke Island,-27.345,153.562,2008-12-17 11:00:00,27.47499328237,0.284658968,63.8002
NSI20121017,North Stradbroke Island,-27.345,153.562,2012-10-17 10:20:00,22.309993397817,0.391891778,63.8002
ROT20120523,Rottnest Island,-32,115.41667,2012-05-23 12:22:00,21.497493415978,0.359179676,44.6421
ESP20120612,Esperance,-33.93333,121.85,2012-06-12 09:24:00,18.474993483536,,49.3207
NIN20130209,Ningaloo,-21.99,113.779,2013-02-09 09:22:00,29.274993242137,0.153226808,595.598
YON20130515,Yongala,-19.30847,147.61842,2013-05-15 10:30:00,25.249993332103,0.661312878,24.149
PHB20130227,Port Hacking,-34.11923,151.22667,2013-02-28 08:03:00,23.23999337703,0.633536696,111.042
YON20130719,Yongala,-19.30847,147.61842,2013-07-19 11:08:00,23.139993379265,0.317484647,24.149
ROT20121219,Rottnest Island,-32,115.41667,2012-12-19 11:48:00,21.23499162,0.162494764,44.6421
PHB20131020,Port Hacking,-34.11923,151.22667,2013-10-21 09:36:00,20.939993428439,0.449671477,111.042
DAR20140403,Darwin,-12.4,130.76805,2014-04-04 08:03:00,30.82999320738,3.38805747,16.6025
DAR20140906_0030,Darwin,-12.4,130.76805,2014-09-06 10:00:00,25.76999332048,3.501465082,16.6025
PHB20140515,Port Hacking,-34.11923,151.22667,2014-05-16 09:35:00,22.439993394911,0.259749025,111.042
PHB20140612,Port Hacking,-34.11923,151.22667,2014-06-13 09:20:00,20.619993435591,0.524682403,111.042
PHB20140716,Port Hacking,-34.11923,151.22667,2014-07-16 10:00:00,17.889993496612,0.231190816,111.042
KAI20140713,Kangaroo Island,-35.83217,136.44733,2014-07-13 16:13:00,15.889993541315,0.493449628,108.088
MAI20140915,Maria Island,-42.59667,148.23333,2014-09-16 09:20:00,13.134993602894,0.637917876,88
ROT20140919,Rottnest Island,-32,115.41667,2014-09-19 12:57:00,19.897493451741,0.243122816,44.6421
ROT20150319,Rottnest Island,-32,115.41667,2015-03-19 11:47:00,22.774993387423,0.159187913,44.6421
YON20141209,Yongala,-19.30847,147.61842,2014-12-09 10:04:00,28.0999932684,0.16247201,24.149
YON20150601,Yongala,-19.30847,147.61842,2015-06-01 12:55:00,25.139993334562,0.372076869,24.149
NSI20151027,North Stradbroke Island,-27.345,153.562,2015-10-27 10:50:00,23.379993373901,0.103993475,63.8002
YON20150923,Yongala,-19.30847,147.61842,2015-09-23 13:11:00,24.239993354678,0.17956394,24.149
YON20151027,Yongala,-19.30847,147.61842,2015-10-27 10:10:00,25.369993329421,0.151195183,24.149
DAR20150804_0130,Darwin,-12.4,130.76805,2015-08-04 11:00:00,25.589993324503,2.186071873,16.6025
PHB20151115,Port Hacking,-34.11923,151.22667,2015-11-16 09:33:00,19.949993450567,0.601866722,111.042
ROT20151022,Rottnest Island,-32,115.41667,2015-10-22 09:36:00,19.584993458726,0.162868485,44.6421
NSI20160412,North Stradbroke Island,-27.345,153.562,2016-04-12 10:45:00,26.589993302152,0.172883034,63.8002
YON20151203,Yongala,-19.30847,147.61842,2015-12-03 11:00:00,27.599993279576,0.307578981,24.149
YON20160321,Yongala,-19.30847,147.61842,2016-03-21 10:31:00,28.809993252531,0.460052162,24.149
YON20160503,Yongala,-19.30847,147.61842,2016-05-03 10:01:00,27.4199932836,0.480846554,24.149
DAR20160201_2130,Darwin,-12.4,130.76805,2016-02-02 07:00:00,30.469993215427,2.400891781,16.6025
MAI20160720,Maria Island,-42.59667,148.23333,2016-07-21 09:30:00,13.214993601106,0.760057092,88
ROT20160502,Rottnest Island,-32,115.41667,2016-05-02 09:44:00,20.487493438553,0.179010779,44.6421
MAI20160831,Maria Island,-42.59667,148.23333,2016-08-31 10:26:00,12.494993617199,0.584280133,88
MAI20180418,Maria Island,-42.59667,148.23333,2018-04-19 09:30:00,15.7229524,0.474514812,88
KAI20081019,Kangaroo Island,-35.83217,136.44733,2008-10-19 11:15:00,,0.190748483,108.088
KAI20081110,Kangaroo Island,-35.83217,136.44733,2008-11-11 07:00:00,,0.199371517,108.088
DAR20180209_0630,Darwin,-12.4,130.76805,2018-02-09 16:00:00,29.9565209,,16.6025
DAR20170715_0630,Darwin,-12.4,130.76805,2017-07-15 16:00:00,26.6513285,1.570851564,16.6025
DAR20171009,Darwin,-12.4,130.76805,2017-10-10 07:57:00,29.645198,3.632217646,16.6025
PHB20151215,Port Hacking,-34.11923,151.22667,2015-12-16 09:35:00,21.3586324,0.163809985,111.042
PHB20170517,Port Hacking,-34.11923,151.22667,2017-05-18 09:45:00,21.318133,0.355198532,111.042
PHB20171211,Port Hacking,-34.11923,151.22667,2017-12-12 08:54:00,21.6638287,0.158866659,111.042
PH420030630,Port Hacking 4,-34.11758,151.21815,2003-06-30 00:00:00,18.0799996,0.372048795,104.6
PH420030721,Port Hacking 4,-34.11758,151.21815,2003-07-21 00:00:00,17.8099996,0.35840112,104.6
PH420050706,Port Hacking 4,-34.11758,151.21815,2005-07-06 00:00:00,18.39999959,0.74472934,104.6
PH420051208,Port Hacking 4,-34.11758,151.21815,2005-12-08 00:00:00,22.82999949,0.246412933,104.6
PH420060614,Port Hacking 4,-34.11758,151.21815,2006-06-14 00:00:00,20.02999955,0.419201702,104.6
PH420070115,Port Hacking 4,-34.11758,151.21815,2007-01-15 00:00:00,23.42999948,1.303376317,104.6
PH420070830,Port Hacking 4,-34.11758,151.21815,2007-08-30 00:00:00,18.70999958,1.064949036,104.6
PH420080825,Port Hacking 4,-34.11758,151.21815,2008-08-25 00:00:00,17.35999961,0.424929887,104.6
PH420080924,Port Hacking 4,-34.11758,151.21815,2008-09-24 00:00:00,19.26999957,1.82256043,104.6
YON20091215,Yongala,-19.30847,147.61842,2009-12-15 11:25:00,28.9238821,0.226107568,24.149
ROT20160722,Rottnest Island,-32,115.41667,2016-07-22 13:20:00,18.33331669,0.29248786,44.6421
NSI20161116,North Stradbroke Island,-27.345,153.562,2016-11-16 10:15:00,24.31380655,0.260861337,63.8002
NSI20170424,North Stradbroke Island,-27.345,153.562,2017-04-24 11:00:00,24.94743414,0.36054036,63.8002
KAI20161118,Kangaroo Island,-35.83217,136.44733,2016-11-18 12:45:00,15.25892087,0.208616197,108.088
PHB20161204,Port Hacking,-34.11923,151.22667,2016-12-05 09:45:00,21.46118,0.267107964,111.042
PHB20180626,Port Hacking,-34.11923,151.22667,2018-06-27 09:41:00,19.0413149,0.685407817,111.042
YON20180817,Yongala,-19.30847,147.61842,2018-08-17 10:23:00,23.3885538,0.222245783,24.149
YON20181011,Yongala,-19.30847,147.61842,2018-10-11 10:54:00,25.1068023,0.336158663,24.149
ROT20180727,Rottnest Island,-32,115.41667,2018-07-27 09:33:00,18.86665,0.602442205,44.6421
YON20180621,Yongala,-19.30847,147.61842,2018-06-21 11:30:00,23.2578927,0.338566154,24.149
ROT20191104,Rottnest Island,-32,115.41667,2019-11-04 09:25:00,20.39984997,0.271468945,44.6421
NSI20190723,North Stradbroke Island,-27.345,153.562,2019-07-23 10:20:00,21.17631571,0.994224595,63.8002
ROT20200128,Rottnest Island,-32,115.41667,2020-01-28 09:39:00,22.50805,0.163596756,44.6421
YON20190703,Yongala,-19.30847,147.61842,2019-07-03 10:50:00,22.61764999,0.533640988,24.149
DAR20190722_2130,Darwin,-12.4,130.76805,2019-07-23 07:00:00,25.75833299,4.268196901,16.6025
DAR20190723_0330,Darwin,-12.4,130.76805,2019-07-23 13:00:00,25.75833299,4.268196901,16.6025
NSI20200228,North Stradbroke Island,-27.345,153.562,2020-02-28 10:30:00,27.78520542,1.429386222,63.8002
ROT20191011,Rottnest Island,-32,115.41667,2019-10-11 10:07:00,19.43832686,,44.6421
DAR20191105,Darwin,-12.4,130.76805,2019-11-06 07:38:00,29.99101543,,16.6025
YON20190213,Yongala,-19.30847,147.61842,2019-02-13 10:26:00,28.66380496,,24.149
PHB20200630,Port Hacking,-34.11923,151.22667,2020-07-01 09:18:00,18.27526771,,111.042
MAI20200928,Maria Island,-42.59667,148.23333,2020-09-29 09:00:00,12.27127863,,88
YON20200422,Yongala,-19.30847,147.61842,2020-04-22 11:24:00,27.85432379,,24.149
NSI20200817,North Stradbroke Island,-27.345,153.562,2020-08-18 09:50:00,21.39204622,,63.8002
NSI20200917,North Stradbroke Island,-27.345,153.562,2020-09-17 10:20:00,21.39430702,,63.8002
ROT20201127,Rottnest Island,-32,115.41667,2020-11-27 09:05:00,20.88832843,,44.6421
ROT20100416,Rottnest Island,-32,115.41667,2010-04-16 08:30:00,21.397493418213,0.203256652,44.6421
MAI20090506,Maria Island,-42.59667,148.23333,2009-05-06 11:20:00,15.299993554503,0.555582225,88
YON20110527,Yongala,-19.30847,147.61842,2011-05-27 10:50:00,24.14999335669,0.330778599,24.149
PHB20090623,Port Hacking,-34.11923,151.22667,2009-06-24 09:10:00,19.319993464649,1.43824625,111.042
YON20090909,Yongala,-19.30847,147.61842,2009-09-09 10:40:00,24.749993343279,0.337141961,24.149
ESP20091216,Esperance,-33.93333,121.85,2009-12-16 09:45:00,18.514993482642,,49.3207
PHB20111018,Port Hacking,-34.11923,151.22667,2011-10-19 09:31:00,19.249993466213,1.894433022,111.042
ROT20120329,Rottnest Island,-32,115.41667,2012-03-29 10:03:00,22.852493385691,0.316282541,44.6421
ESP20110120,Esperance,-33.93333,121.85,2011-01-20 08:50:00,20.359993441403,,49.3207
DAR20120115_0335,Darwin,-12.4,130.76805,2012-01-15 13:05:00,29.40999323912,,16.6025
NSI20111220,North Stradbroke Island,-27.345,153.562,2011-12-21 09:15:00,24.964993338473,0.195232019,63.8002
ROT20091222,Rottnest Island,-32,115.41667,2009-12-22 10:00:00,20.822493431065,0.183249399,44.6421
ESP20100322,Esperance,-33.93333,121.85,2010-03-22 09:40:00,19.379993463308,,49.3207
MAI20100330,Maria Island,-42.59667,148.23333,2010-03-30 11:40:00,18.004993494041,0.493284494,88
PHB20101213,Port Hacking,-34.11923,151.22667,2010-12-14 09:30:00,20.629993435368,1.42231214,111.042
ROT20110527,Rottnest Island,-32,115.41667,2011-05-27 09:35:00,22.067493403237,0.298001409,44.6421
PHB20091018,Port Hacking,-34.11923,151.22667,2009-10-19 09:55:00,18.819993475825,0.67306453,111.042
ROT20110125,Rottnest Island,-32,115.41667,2011-01-25 09:10:00,22.587493391614,0.244239539,44.6421
DAR20120114_2335,Darwin,-12.4,130.76805,2012-01-15 09:05:00,29.40999323912,,16.6025
ROT20111122,Rottnest Island,-32,115.41667,2011-11-22 15:08:00,20.884993429668,0.169659153,44.6421
KAI20091215,Kangaroo Island,-35.83217,136.44733,2009-12-16 07:15:00,16.684993523546,0.265000105,108.088
NSI20100520,North Stradbroke Island,-27.345,153.562,2010-05-21 08:21:00,24.004993359931,0.551234424,63.8002
PHB20100817,Port Hacking,-34.11923,151.22667,2010-08-18 09:30:00,17.339993508905,0.631812036,111.042
MAI20101001,Maria Island,-42.59667,148.23333,2010-10-01 12:40:00,12.084993626364,1.062985063,88
DAR20120417,Darwin,-12.4,130.76805,2012-04-17 09:42:00,30.014993225597,1.972783446,16.6025
DAR20120729_1630,Darwin,-12.4,130.76805,2012-07-30 02:00:00,24.244993354566,2.522149324,16.6025
MAI20120820,Maria Island,-42.59667,148.23333,2012-08-20 11:15:00,12.29499362167,0.368828952,88
NSI20090218,North Stradbroke Island,-27.345,153.562,2009-02-18 10:30:00,27.47499328237,0.300600976,63.8002
NSI20120912,North Stradbroke Island,-27.345,153.562,2012-09-12 10:20:00,21.699993411452,0.31189236,63.8002
DAR20121208_2330,Darwin,-12.4,130.76805,2012-12-09 09:00:00,31.119993200898,2.309886694,16.6025
YON20120918,Yongala,-19.30847,147.61842,2012-09-18 11:00:00,23.849993363395,0.182117045,24.149
ESP20121212,Esperance,-33.93333,121.85,2012-12-12 09:10:00,18.654993479513,,49.3207
MAI20121112,Maria Island,-42.59667,148.23333,2012-11-13 10:45:00,13.65999359116,3.246622801,88
NSI20130326,North Stradbroke Island,-27.345,153.562,2013-03-26 11:10:00,26.274993309192,0.802951157,63.8002
MAI20130214,Maria Island,-42.59667,148.23333,2013-02-14 11:00:00,17.15499351304,0.418736428,88
DAR20130617_1830,Darwin,-12.4,130.76805,2013-06-18 04:00:00,27.379993284494,2.460482836,16.6025
ROT20130712,Rottnest Island,-32,115.41667,2013-07-12 12:35:00,20.129993446544,0.281251132,44.6421
NSI20140306,North Stradbroke Island,-27.345,153.562,2014-03-06 10:15:00,25.629993323609,0.154060483,63.8002
PHB20131027,Port Hacking,-34.11923,151.22667,2013-10-28 10:17:00,19.779993454367,0.460709453,111.042
MAI20140122,Maria Island,-42.59667,148.23333,2014-01-23 10:50:00,16.539993526787,0.454768717,88
YON20140820,Yongala,-19.30847,147.61842,2014-08-20 11:15:00,22.819993386418,0.145681486,24.149
ROT20140902,Rottnest Island,-32,115.41667,2014-09-02 11:55:00,19.867493452411,0.222873375,44.6421
NSI20141223,North Stradbroke Island,-27.345,153.562,2014-12-23 10:35:00,25.999993315339,0.117700011,63.8002
KAI20141029,Kangaroo Island,-35.83217,136.44733,2014-10-29 11:00:00,16.354993530922,0.149251103,108.088
DAR20150203_0630,Darwin,-12.4,130.76805,2015-02-03 16:00:00,30.804993207939,2.75117898,16.6025
ROT20141216,Rottnest Island,-32,115.41667,2014-12-16 09:37:00,20.517493437883,0.171368778,44.6421
YON20150324,Yongala,-19.30847,147.61842,2015-03-24 15:15:00,28.739993254095,0.317096263,24.149
YON20150618,Yongala,-19.30847,147.61842,2015-06-18 10:55:00,24.309993353114,0.337900668,24.149
YON20150224,Yongala,-19.30847,147.61842,2015-02-24 10:40:00,28.749993253872,0.376515269,24.149
MAI20151001,Maria Island,-42.59667,148.23333,2015-10-01 11:05:00,13.099993603677,1.060719728,88
PHB20150819,Port Hacking,-34.11923,151.22667,2015-08-19 10:03:00,18.739993477613,0.414928406,111.042
DAR20150804_0430,Darwin,-12.4,130.76805,2015-08-04 14:00:00,25.589993324503,2.186071873,16.6025
DAR20151117,Darwin,-12.4,130.76805,2015-11-18 08:16:00,30.844993207045,2.451804638,16.6025
YON20151111,Yongala,-19.30847,147.61842,2015-11-11 10:45:00,26.459993305057,0.290556908,24.149
ROT20150924,Rottnest Island,-32,115.41667,2015-09-24 10:08:00,18.344993486442,0.245373085,44.6421
MAI20151216,Maria Island,-42.59667,148.23333,2015-12-17 09:35:00,16.86999351941,0.457558542,88
YON20160122,Yongala,-19.30847,147.61842,2016-01-22 10:39:00,28.429993261024,0.366404057,24.149
YON20160624,Yongala,-19.30847,147.61842,2016-06-24 10:00:00,25.439993327856,0.305784464,24.149
DAR20160724_0430,Darwin,-12.4,130.76805,2016-07-24 14:00:00,25.964993316121,1.96059823,16.6025
KAI20090601,Kangaroo Island,-35.83217,136.44733,2009-06-02 08:00:00,17.5210808,0.325032651,108.088
ESP20120229,Esperance,-33.93333,121.85,2012-02-29 10:00:00,21.069597,,49.3207
ROT20171103,Rottnest Island,-32,115.41667,2017-11-03 09:25:00,19.2099928,0.21736452,44.6421
DAR20180209_0330,Darwin,-12.4,130.76805,2018-02-09 13:00:00,29.9565209,,16.6025
DAR20180208_2130,Darwin,-12.4,130.76805,2018-02-09 07:00:00,29.9565209,,16.6025
YON20170426,Yongala,-19.30847,147.61842,2017-04-26 10:20:00,26.4699159,0.613288581,24.149
NSI20171023,North Stradbroke Island,-27.345,153.562,2017-10-23 10:25:00,22.7096906,0.399331957,63.8002
NSI20180320,North Stradbroke Island,-27.345,153.562,2018-03-20 10:40:00,26.5179902,0.151732817,63.8002
PHB20170921,Port Hacking,-34.11923,151.22667,2017-09-22 08:48:00,18.2346136,0.59325552,111.042
PHB20130611,Port Hacking,-34.11923,151.22667,2013-06-12 09:55:00,19.95636,0.509994566,111.042
PH420020219,Port Hacking 4,-34.11758,151.21815,2002-02-19 00:00:00,24.22999946,,104.6
PH420020820,Port Hacking 4,-34.11758,151.21815,2002-08-20 00:00:00,18.69999958,0.620650172,104.6
PH420030319,Port Hacking 4,-34.11758,151.21815,2003-03-19 00:00:00,23.57999947,0.306607723,104.6
PH420030818,Port Hacking 4,-34.11758,151.21815,2003-08-18 00:00:00,18.26999959,0.494296581,104.6
PH420050131,Port Hacking 4,-34.11758,151.21815,2005-01-31 00:00:00,23.88999947,0.246950358,104.6
PH420070219,Port Hacking 4,-34.11758,151.21815,2007-02-19 00:00:00,24.87999944,0.200095862,104.6
PH420070924,Port Hacking 4,-34.11758,151.21815,2007-09-24 00:00:00,20.20999955,0.390887529,104.6
NSI20160920,North Stradbroke Island,-27.345,153.562,2016-09-20 10:15:00,21.76964701,0.390935421,63.8002
MAI20170412,Maria Island,-42.59667,148.23333,2017-04-12 10:15:00,16.81603948,0.337213516,88
NSI20170717,North Stradbroke Island,-27.345,153.562,2017-07-17 11:05:00,21.50610662,0.312470794,63.8002
YON20161108,Yongala,-19.30847,147.61842,2016-11-08 10:50:00,27.5545559,0.187837824,24.149
PHB20161030,Port Hacking,-34.11923,151.22667,2016-10-31 09:35:00,20.18475,0.418836653,111.042
PHB20170321,Port Hacking,-34.11923,151.22667,2017-03-22 09:21:00,23.77541,0.45997858,111.042
PHB20170419,Port Hacking,-34.11923,151.22667,2017-04-19 10:00:00,23.52728,0.650156319,111.042
NSI20170627,North Stradbroke Island,-27.345,153.562,2017-06-27 10:20:00,23.03195218,0.362953395,63.8002
PHB20180724,Port Hacking,-34.11923,151.22667,2018-07-25 09:33:00,17.7127451,0.7240206,111.042
DAR20180731_0330,Darwin,-12.4,130.76805,2018-07-31 13:00:00,26.8616295,1.48131907,16.6025
NSI20180913,North Stradbroke Island,-27.345,153.562,2018-09-13 10:20:00,21.579345,0.226820588,63.8002
PHB20180927,Port Hacking,-34.11923,151.22667,2018-09-27 10:43:00,18.5234645,2.676345348,111.042
KAI20190909,Kangaroo Island,-35.83217,136.44733,2019-09-10 07:50:00,13.03999996,0.552185476,108.088
NSI20190916,North Stradbroke Island,-27.345,153.562,2019-09-16 10:20:00,20.15499996,1.160875457,63.8002
ROT20191126,Rottnest Island,-32,115.41667,2019-11-26 09:30:00,20.98579988,0.117327411,44.6421
PHB20190522,Port Hacking,-34.11923,151.22667,2019-05-23 08:50:00,22.88664832,0.388094826,111.042
YON20190808,Yongala,-19.30847,147.61842,2019-08-08 10:04:00,23.22827387,0.379356098,24.149
YON20191009,Yongala,-19.30847,147.61842,2019-10-09 10:00:00,24.75400003,0.575196238,24.149
DAR20190723_0630,Darwin,-12.4,130.76805,2019-07-23 16:00:00,25.75833299,4.268196901,16.6025
YON20190507,Yongala,-19.30847,147.61842,2019-05-07 11:30:00,26.21539995,0.677182574,24.149
NSI20190322,North Stradbroke Island,-27.345,153.562,2019-03-22 10:50:00,26.41640339,1.403486976,63.8002
YON20190313,Yongala,-19.30847,147.61842,2019-03-13 10:10:00,28.26357037,,24.149
YON20190528,Yongala,-19.30847,147.61842,2019-05-28 10:25:00,24.98394208,,24.149
MAI20200106,Maria Island,-42.59667,148.23333,2020-01-07 09:45:00,16.73202168,,88
DAR20200810,Darwin,-12.4,130.76805,2020-08-11 08:25:00,26.31391031,,16.6025
MAI20200909,Maria Island,-42.59667,148.23333,2020-09-10 09:00:00,12.27371406,,88
ROT20200710,Rottnest Island,-32,115.41667,2020-07-10 10:25:00,20.86998503,,44.6421
NSI20201022,North Stradbroke Island,-27.345,153.562,2020-10-22 10:05:00,23.33000938,,63.8002
NSI20100214,North Stradbroke Island,-27.345,153.562,2010-02-15 09:30:00,27.249993287399,0.227571011,63.8002
NIN20101108,Ningaloo,-21.99,113.779,2010-11-08 15:00:00,25.524993325956,0.149413615,595.598
YON20111213,Yongala,-19.30847,147.61842,2011-12-13 12:55:00,28.919993250072,0.369431436,24.149
PHB20120517,Port Hacking,-34.11923,151.22667,2012-05-18 09:33:00,20.969993427768,0.954721689,111.042
ESP20110512,Esperance,-33.93333,121.85,2011-05-12 10:10:00,20.219993444532,,49.3207
YON20110414,Yongala,-19.30847,147.61842,2011-04-14 11:27:00,26.64999330081,0.69693768,24.149
PHB20120212,Port Hacking,-34.11923,151.22667,2012-02-13 10:00:00,22.999993382394,0.646816134,111.042
ROT20110923,Rottnest Island,-32,115.41667,2011-09-23 09:40:00,18.96332067,0.326502413,44.6421
ROT20120221,Rottnest Island,-32,115.41667,2012-02-21 09:40:00,24.507493348699,0.184796274,44.6421
DAR20111005,Darwin,-12.4,130.76805,2011-10-05 09:31:00,27.869993273541,,16.6025
NSI20100618,North Stradbroke Island,-27.345,153.562,2010-06-18 12:30:00,21.58999341391,0.633104742,63.8002
NIN20111107,Ningaloo,-21.99,113.779,2011-11-07 10:00:00,24.994993337803,0.108191527,595.598
KAI20101120,Kangaroo Island,-35.83217,136.44733,2010-11-21 05:00:00,16.154993535392,0.217809066,108.088
YON20101208,Yongala,-19.30847,147.61842,2010-12-08 10:45:00,27.579993280023,0.29666549,24.149
ESP20101013,Esperance,-33.93333,121.85,2010-10-13 08:15:00,17.374993508123,,49.3207
YON20110217,Yongala,-19.30847,147.61842,2011-02-17 11:30:00,28.139993267506,0.48111257,24.149
NSI20110323,North Stradbroke Island,-27.345,153.562,2011-03-23 10:20:00,27.434993283264,0.449492663,63.8002
PHB20110914,Port Hacking,-34.11923,151.22667,2011-09-15 09:43:00,17.369993508235,0.659462869,111.042
KAI20111115,Kangaroo Island,-35.83217,136.44733,2011-11-15 11:30:00,16.704993523099,0.169171408,108.088
NSI20081030,North Stradbroke Island,-27.345,153.562,2008-10-30 10:30:00,27.47499328237,0.1502655,63.8002
NSI20120821,North Stradbroke Island,-27.345,153.562,2012-08-21 10:15:00,21.00413863,0.338460654,63.8002
YON20120402,Yongala,-19.30847,147.61842,2012-04-02 10:44:00,28.179993266612,2.988709688,24.149
ROT20120504,Rottnest Island,-32,115.41667,2012-05-04 13:00:00,22.504993393458,0.261351228,44.6421
ESP20120910,Esperance,-33.93333,121.85,2012-09-10 12:51:00,16.229993533716,,49.3207
NIN20120509,Ningaloo,-21.99,113.779,2012-05-09 10:50:00,27.489993282035,0.335790724,595.598
NSI20130111,North Stradbroke Island,-27.345,153.562,2013-01-11 10:40:00,26.56499330271,0.143962085,63.8002
DAR20121029,Darwin,-12.4,130.76805,2012-10-30 07:51:00,29.624993234314,1.857254028,16.6025
ROT20130125,Rottnest Island,-32,115.41667,2013-01-25 10:10:00,22.892493384797,0.266057253,44.6421
MAI20130129,Maria Island,-42.59667,148.23333,2013-01-30 10:33:00,16.284993532486,0.544194818,88
DAR20130405,Darwin,-12.4,130.76805,2013-04-05 09:40:00,30.309993219003,1.645467281,16.6025
YON20130131,Yongala,-19.30847,147.61842,2013-01-31 10:15:00,29.869993228838,0.237445682,24.149
NSI20130520,North Stradbroke Island,-27.345,153.562,2013-05-20 10:05:00,24.094993357919,0.41503492,63.8002
NSI20130706,North Stradbroke Island,-27.345,153.562,2013-07-07 09:40:00,21.889993407205,0.289756477,63.8002
PHB20130826,Port Hacking,-34.11923,151.22667,2013-08-27 09:30:00,18.169993490353,0.592201889,111.042
YON20130808,Yongala,-19.30847,147.61842,2013-08-08 10:58:00,23.23999337703,0.201828107,24.149
PHB20130422,Port Hacking,-34.11923,151.22667,2013-04-23 09:32:00,22.14913178,0.501161993,111.042
ROT20130423,Rottnest Island,-32,115.41667,2013-04-23 10:38:00,22.624993390776,0.175447345,44.6421
DAR20140117_2130,Darwin,-12.4,130.76805,2014-01-18 07:00:00,30.499993214756,2.965517044,16.6025
YON20131205,Yongala,-19.30847,147.61842,2013-12-05 11:26:00,27.089993290976,0.452419847,24.149
MAI20140408,Maria Island,-42.59667,148.23333,2014-04-08 11:03:00,18.019993493706,0.424778521,88
MAI20140619,Maria Island,-42.59667,148.23333,2014-06-19 11:30:00,14.359993575513,,88
DAR20140702,Darwin,-12.4,130.76805,2014-07-03 09:08:00,25.394993328862,2.571661472,16.6025
DAR20140906_0330,Darwin,-12.4,130.76805,2014-09-06 13:00:00,25.76999332048,3.501465082,16.6025
YON20140527,Yongala,-19.30847,147.61842,2014-05-27 12:12:00,25.039993336797,0.241995528,24.149
NSI20150119,North Stradbroke Island,-27.345,153.562,2015-01-19 10:35:00,27.554993280582,0.181364879,63.8002
MAI20150312,Maria Island,-42.59667,148.23333,2015-03-13 09:33:00,17.679993501306,0.472595721,88
NSI20150304,North Stradbroke Island,-27.345,153.562,2015-03-04 10:30:00,27.329993285611,0.147708997,63.8002
DAR20150505,Darwin,-12.4,130.76805,2015-05-06 08:24:00,28.824993252195,2.762515068,16.6025
ROT20150507,Rottnest Island,-32,115.41667,2015-05-07 09:36:00,20.96499342788,0.446262151,44.6421
NSI20150731,North Stradbroke Island,-27.345,153.562,2015-07-31 10:15:00,21.41643102,0.187021077,63.8002
ROT20150724,Rottnest Island,-32,115.41667,2015-07-24 09:20:00,18.669993479177,0.338390559,44.6421
DAR20150803_1932,Darwin,-12.4,130.76805,2015-08-04 05:02:00,25.589993324503,2.186071873,16.6025
DAR20150803_2230,Darwin,-12.4,130.76805,2015-08-04 08:00:00,25.589993324503,2.186071873,16.6025
ROT20151215,Rottnest Island,-32,115.41667,2015-12-15 08:22:00,20.789993431792,0.155881405,44.6421
ROT20160621,Rottnest Island,-32,115.41667,2016-06-21 09:26:00,19.034993471019,0.408744246,44.6421
DAR20160530,Darwin,-12.4,130.76805,2016-05-31 07:50:00,29.57999323532,2.185528517,16.6025
NSI20160720,North Stradbroke Island,-27.345,153.562,2016-07-20 10:30:00,22.469993394241,0.203309342,63.8002
DAR20160723,Darwin,-12.4,130.76805,2016-07-24 08:00:00,25.964993316121,1.96059823,16.6025
MAI20171123,Maria Island,-42.59667,148.23333,2017-11-24 09:50:00,15.8635191,1.80207777,88
MAI20170921,Maria Island,-42.59667,148.23333,2017-09-22 09:15:00,12.4931864,0.650584161,88
KAI20091007,Kangaroo Island,-35.83217,136.44733,2009-10-08 06:00:00,15.1580209,0.252736986,108.088
KAI20110123,Kangaroo Island,-35.83217,136.44733,2011-01-24 07:40:00,19.1336051,0.255941868,108.088
KAI20100721,Kangaroo Island,-35.83217,136.44733,2010-07-22 07:00:00,15.3977547,0.529671311,108.088
DAR20170516,Darwin,-12.4,130.76805,2017-05-17 08:47:00,28.5264917,2.257486105,16.6025
NSI20171116,North Stradbroke Island,-27.345,153.562,2017-11-16 10:30:00,24.7099222,0.198447838,63.8002
PHB20170716,Port Hacking,-34.11923,151.22667,2017-07-17 09:42:00,19.7652053,0.383129716,111.042
PHB20170821,Port Hacking,-34.11923,151.22667,2017-08-22 09:50:00,18.8590896,0.2832748,111.042
PH420020426,Port Hacking 4,-34.11758,151.21815,2002-04-26 00:00:00,22.4299995,,104.6
PH420030911,Port Hacking 4,-34.11758,151.21815,2003-09-11 00:00:00,18.0999996,0.407195061,104.6
PH420031114,Port Hacking 4,-34.11758,151.21815,2003-11-14 00:00:00,19.60999956,0.305378646,104.6
PH420040524,Port Hacking 4,-34.11758,151.21815,2004-05-24 00:00:00,19.80999956,0.542432785,104.6
PH420041116,Port Hacking 4,-34.11758,151.21815,2004-11-16 00:00:00,19.90999955,0.718047976,104.6
PH420050225,Port Hacking 4,-34.11758,151.21815,2005-02-25 00:00:00,23.68999947,0.324266821,104.6
PH420050909,Port Hacking 4,-34.11758,151.21815,2005-09-09 00:00:00,18.56999958,0.416364223,104.6
PH420070516,Port Hacking 4,-34.11758,151.21815,2007-05-16 00:00:00,20.91999953,0.374174267,104.6
YON20160927,Yongala,-19.30847,147.61842,2016-09-27 10:33:00,25.9456795,0.277288049,24.149
PHB20160829,Port Hacking,-34.11923,151.22667,2016-08-30 09:20:00,18.056124,0.269938469,111.042
PHB20160926,Port Hacking,-34.11923,151.22667,2016-09-27 09:54:00,20.58677,0.402079612,111.042
PHB20170205,Port Hacking,-34.11923,151.22667,2017-02-06 10:49:00,24.15141,0.714869201,111.042
ROT20170303,Rottnest Island,-32,115.41667,2017-03-03 10:30:00,23.15499278,0.158011049,44.6421
MAI20170223,Maria Island,-42.59667,148.23333,2017-02-24 08:50:00,18.12163311,0.520623446,88
YON20161207,Yongala,-19.30847,147.61842,2016-12-07 10:15:00,28.4610603,0.327501535,24.149
YON20170220,Yongala,-19.30847,147.61842,2017-02-20 10:29:00,29.671776,0.2856493,24.149
KAI20170315,Kangaroo Island,-35.83217,136.44733,2017-03-15 12:27:00,19.68584699,0.225134775,108.088
DAR20170203_0630,Darwin,-12.4,130.76805,2017-02-03 16:00:00,29.3042988,,16.6025
YON20170322,Yongala,-19.30847,147.61842,2017-03-22 12:00:00,29.8572017,0.240034431,24.149
NSI20170927,North Stradbroke Island,-27.345,153.562,2017-09-27 10:40:00,22.2137126,0.785943687,63.8002
DAR20180730_2130,Darwin,-12.4,130.76805,2018-07-31 07:03:00,26.8616295,1.48131907,16.6025
DAR20180731_0030,Darwin,-12.4,130.76805,2018-07-31 10:00:00,26.8616295,1.48131907,16.6025
DAR20180731_0630,Darwin,-12.4,130.76805,2018-07-31 16:00:00,26.8616295,1.48131907,16.6025
ROT20180921,Rottnest Island,-32,115.41667,2018-09-21 09:27:00,17.56832,0.267296225,44.6421
ROT20181130,Rottnest Island,-32,115.41667,2018-11-30 09:33:00,18.95166,0.1878034,44.6421
ROT20200304,Rottnest Island,-32,115.41667,2020-03-04 09:25:00,20.19599953,0.441875812,44.6421
NSI20190821,North Stradbroke Island,-27.345,153.562,2019-08-21 10:40:00,20.31769237,1.32785518,63.8002
PHB20190408,Port Hacking,-34.11923,151.22667,2019-04-09 08:50:00,20.93500001,2.798679795,111.042
ROT20190507,Rottnest Island,-32,115.41667,2019-05-07 09:40:00,21.85763156,0.340320887,44.6421
ROT20191218,Rottnest Island,-32,115.41667,2019-12-18 09:15:00,23.05220001,0.150868613,44.6421
YON20200212,Yongala,-19.30847,147.61842,2020-02-13 09:47:00,30.0986001,1.522802479,24.149
YON20190917,Yongala,-19.30847,147.61842,2019-09-17 10:10:00,23.28114023,,24.149
PHB20191028,Port Hacking,-34.11923,151.22667,2019-10-29 09:30:00,19.36207446,,111.042
DAR20200204_0030,Darwin,-12.4,130.76805,2020-02-04 10:00:00,30.23292102,,16.6025
MAI20190731,Maria Island,-42.59667,148.23333,2019-07-31 10:20:00,12.9831016,,88
PHB20200812,Port Hacking,-34.11923,151.22667,2020-08-13 09:55:00,17.56205876,,111.042
DAR20201123,Darwin,-12.4,130.76805,2020-11-24 07:23:00,31.52166119,,16.6025
DAR20200511,Darwin,-12.4,130.76805,2020-05-12 08:20:00,29.00143385,,16.6025
KAI20200527,Kangaroo Island,-35.83217,136.44733,2020-05-28 08:30:00,17.35300814,,108.088
DAR20200921_2130,Darwin,-12.4,130.76805,2020-09-22 07:00:00,28.42332586,,16.6025
ROT20201013,Rottnest Island,-32,115.41667,2020-10-13 09:18:00,19.45332226,,44.6421
ROT20201106,Rottnest Island,-32,115.41667,2020-11-06 10:06:00,20.38499084,,44.6421
YON20201026,Yongala,-19.30847,147.61842,2020-10-26 10:40:00,26.34179885,,24.149
PHB20111206,Port Hacking,-34.11923,151.22667,2011-12-07 09:30:00,18.999993471801,0.240461543,111.042
PHB20100316,Port Hacking,-34.11923,151.22667,2010-03-17 09:05:00,23.459993372113,0.379440218,111.042
NSI20091006,North Stradbroke Island,-27.345,153.562,2009-10-07 09:07:00,22.579993391782,0.407760203,63.8002
MAI20100722,Maria Island,-42.59667,148.23333,2010-07-22 11:10:00,13.044993604906,0.585606039,88
ROT20100723,Rottnest Island,-32,115.41667,2010-07-23 12:02:00,19.819993453473,0.398476064,44.6421
YON20101101,Yongala,-19.30847,147.61842,2010-11-01 11:45:00,26.179993311316,0.145759225,24.149
ESP20110818,Esperance,-33.93333,121.85,2011-08-18 10:20:00,16.524993527122,,49.3207
YON20120112,Yongala,-19.30847,147.61842,2012-01-12 11:30:00,29.199993243814,0.351153225,24.149
PHB20091206,Port Hacking,-34.11923,151.22667,2009-12-07 09:14:00,21.129993424192,0.396908104,111.042
NSI20091015,North Stradbroke Island,-27.345,153.562,2009-10-15 10:10:00,22.91992218,0.631473303,63.8002
PHB20091110,Port Hacking,-34.11923,151.22667,2009-11-11 09:45:00,20.469993438944,0.497787744,111.042
KAI20101213,Kangaroo Island,-35.83217,136.44733,2010-12-14 08:30:00,17.534993504547,0.144488215,108.088
YON20100817,Yongala,-19.30847,147.61842,2010-08-17 10:15:00,23.399993373454,0.19959484,24.149
YON20110720,Yongala,-19.30847,147.61842,2011-07-20 11:37:00,21.919993406534,0.224370465,24.149
NSI20100711,North Stradbroke Island,-27.345,153.562,2010-07-12 08:45:00,20.919993428886,0.358644992,63.8002
NSI20120213,North Stradbroke Island,-27.345,153.562,2012-02-14 08:00:00,26.639993301034,0.169711396,63.8002
NSI20110623,North Stradbroke Island,-27.345,153.562,2011-06-23 10:25:00,21.554993414693,0.610418081,63.8002
YON20110616,Yongala,-19.30847,147.61842,2011-06-16 11:25:00,22.929993383959,0.284991741,24.149
NSI20101215,North Stradbroke Island,-27.345,153.562,2010-12-16 08:30:00,25.929993316904,0.343416125,63.8002
PHB20100702,Port Hacking,-34.11923,151.22667,2010-07-02 11:35:00,19.489993460849,0.362508625,111.042
PHB20110329,Port Hacking,-34.11923,151.22667,2011-03-30 09:33:00,23.739993365854,,111.042
PHB20110717,Port Hacking,-34.11923,151.22667,2011-07-18 09:38:00,18.679993478954,0.614944756,111.042
PHB20110829,Port Hacking,-34.11923,151.22667,2011-08-29 10:03:00,18.039993493259,0.479032785,111.042
KAI20111026,Kangaroo Island,-35.83217,136.44733,2011-10-26 14:40:00,15.479993550479,0.189587966,108.088
NSI20080929,North Stradbroke Island,-27.345,153.562,2008-09-29 10:30:00,27.47499328237,0.40325135,63.8002
NSI20090318,North Stradbroke Island,-27.345,153.562,2009-03-18 10:30:00,25.869993318245,0.403860301,63.8002
NSI20090527,North Stradbroke Island,-27.345,153.562,2009-05-27 12:03:00,22.609993391111,0.729317665,63.8002
NSI20120511,North Stradbroke Island,-27.345,153.562,2012-05-11 10:05:00,24.639993345737,0.360895216,63.8002
YON20120424,Yongala,-19.30847,147.61842,2012-04-24 10:50:00,27.099993290752,0.291625798,24.149
YON20120604,Yongala,-19.30847,147.61842,2012-06-04 10:30:00,24.079993358254,0.308754057,24.149
YON20121129,Yongala,-19.30847,147.61842,2012-11-29 10:40:00,26.889993295446,0.176335379,24.149
PHB20121009,Port Hacking,-34.11923,151.22667,2012-10-10 09:44:00,18.369993485883,1.735686779,111.042
NIN20121107,Ningaloo,-21.99,113.779,2012-11-07 12:00:00,24.099993357807,0.182201385,595.598
ROT20120928,Rottnest Island,-32,115.41667,2012-09-28 11:41:00,17.634993502311,0.329073697,44.6421
ROT20121126,Rottnest Island,-32,115.41667,2012-11-26 11:02:00,20.549993437156,0.160664394,44.6421
NSI20130418,North Stradbroke Island,-27.345,153.562,2013-04-18 10:05:00,25.184993333556,0.335467279,63.8002
PHB20130725,Port Hacking,-34.11923,151.22667,2013-07-26 09:24:00,17.969993494824,0.813792109,111.042
NIN20130509,Ningaloo,-21.99,113.779,2013-05-09 10:20:00,27.734993276559,0.261261791,595.598
ROT20130517,Rottnest Island,-32,115.41667,2013-05-17 10:00:00,21.142493423913,0.624570787,44.6421
NSI20131212,North Stradbroke Island,-27.345,153.562,2013-12-12 10:20:00,24.009993359819,0.560002565,63.8002
ROT20131001,Rottnest Island,-32,115.41667,2013-10-01 11:55:00,18.147493490856,0.546382964,44.6421
DAR20140117_1950,Darwin,-12.4,130.76805,2014-01-18 05:20:00,30.499993214756,2.965517044,16.6025
YON20140317,Yongala,-19.30847,147.61842,2014-03-17 14:07:00,27.549993280694,0.328835338,24.149
ROT20140227,Rottnest Island,-32,115.41667,2014-02-27 12:39:00,22.66999338977,0.139300868,44.6421
PHB20140427,Port Hacking,-34.11923,151.22667,2014-04-28 09:38:00,22.839993385971,0.391410232,111.042
ROT20140730,Rottnest Island,-32,115.41667,2014-07-30 10:03:00,18.994993471913,0.245751441,44.6421
MAI20140821,Maria Island,-42.59667,148.23333,2014-08-21 11:50:00,13.304993599094,0.563604176,88
PHB20141112,Port Hacking,-34.11923,151.22667,2014-11-13 09:36:00,20.319993442297,0.264614403,111.042
DAR20150203_0330,Darwin,-12.4,130.76805,2015-02-03 13:00:00,30.804993207939,2.75117898,16.6025
YON20141014,Yongala,-19.30847,147.61842,2014-10-14 12:02:00,25.159993334115,0.348201662,24.149
YON20141120,Yongala,-19.30847,147.61842,2014-11-21 08:48:00,27.179993288964,0.306894869,24.149
KAI20150408,Kangaroo Island,-35.83217,136.44733,2015-04-09 07:11:00,17.32499350924,0.153527305,108.088
YON20150430,Yongala,-19.30847,147.61842,2015-04-30 12:10:00,27.139993289858,0.256856769,24.149
ROT20150701,Rottnest Island,-32,115.41667,2015-07-01 09:46:00,19.71498526,0.486367017,44.6421
NSI20150817,North Stradbroke Island,-27.345,153.562,2015-08-17 10:30:00,20.959993427992,0.487783641,63.8002
PHB20150330,Port Hacking,-34.11923,151.22667,2015-03-31 09:32:00,23.109993379936,0.255571663,111.042
PHB20150723,Port Hacking,-34.11923,151.22667,2015-07-23 10:07:00,18.269993488118,0.562505364,111.042
MAI20150811,Maria Island,-42.59667,148.23333,2015-08-12 09:35:00,11.569993637875,0.429954916,88
KAI20151116,Kangaroo Island,-35.83217,136.44733,2015-11-17 09:50:00,16.434993529133,0.709790528,108.088
PHB20151013,Port Hacking,-34.11923,151.22667,2015-10-14 09:42:00,20.699993433803,0.217739463,111.042
YON20160215,Yongala,-19.30847,147.61842,2016-02-15 10:18:00,29.399993239343,0.383439898,24.149
MAI20160927,Maria Island,-42.59667,148.23333,2016-09-27 10:10:00,13.474993595295,1.138576627,88
PHB20160615,Port Hacking,-34.11923,151.22667,2016-06-15 11:06:00,21.409993417934,0.644252062,111.042
MAI20171015,Maria Island,-42.59667,148.23333,2017-10-16 09:50:00,12.7119117,7.287360191,88
MAI20171217,Maria Island,-42.59667,148.23333,2017-12-18 09:40:00,18.062128,0.555358648,88
KAI20171129,Kangaroo Island,-35.83217,136.44733,2017-11-29 14:50:00,18.571339,0.247382015,108.088
KAI20170518,Kangaroo Island,-35.83217,136.44733,2017-05-18 11:15:00,17.6779797,0.418162107,108.088
KAI20081211,Kangaroo Island,-35.83217,136.44733,2008-12-12 06:45:00,,0.169741392,108.088
KAI20100215,Kangaroo Island,-35.83217,136.44733,2010-02-16 06:30:00,19.9731306,0.190818205,108.088
ROT20170802,Rottnest Island,-32,115.41667,2017-08-02 09:33:00,19.5599645,0.320110351,44.6421
ROT20180221,Rottnest Island,-32,115.41667,2018-02-21 10:05:00,22.4800061,0.192344457,44.6421
YON20180220,Yongala,-19.30847,147.61842,2018-02-20 10:30:00,28.9922984,0.347377896,24.149
YON20170705,Yongala,-19.30847,147.61842,2017-07-05 10:21:00,23.6083629,0.277350456,24.149
YON20170724,Yongala,-19.30847,147.61842,2017-07-24 10:45:00,23.7262718,0.208134741,24.149
PHB20170614,Port Hacking,-34.11923,151.22667,2017-06-15 08:52:00,19.8844671,0.419942528,111.042
PHB20171024,Port Hacking,-34.11923,151.22667,2017-10-25 09:01:00,19.4535323,0.507179737,111.042
PHB20180221,Port Hacking,-34.11923,151.22667,2018-02-22 09:18:00,24.1469081,0.304385632,111.042
PH420021021,Port Hacking 4,-34.11758,151.21815,2002-10-21 00:00:00,20.19999955,0.614347279,104.6
PH420021120,Port Hacking 4,-34.11758,151.21815,2002-11-20 00:00:00,21.02999953,0.923152804,104.6
PH420031027,Port Hacking 4,-34.11758,151.21815,2003-10-27 00:00:00,18.83999958,0.630859792,104.6
PH420040120,Port Hacking 4,-34.11758,151.21815,2004-01-20 00:00:00,24.50999945,0.38291046,104.6
PH420050414,Port Hacking 4,-34.11758,151.21815,2005-04-14 00:00:00,23.24999948,0.266518414,104.6
PH420050510,Port Hacking 4,-34.11758,151.21815,2005-05-10 00:00:00,20.57999954,0.200650766,104.6
PH420070418,Port Hacking 4,-34.11758,151.21815,2007-04-18 00:00:00,22.1999995,0.130746141,104.6
PH420080318,Port Hacking 4,-34.11758,151.21815,2008-03-18 00:00:00,23.07999948,1.009198308,104.6
PH420081202,Port Hacking 4,-34.11758,151.21815,2008-12-02 00:00:00,21.43999952,0.732400596,104.6
PH420090119,Port Hacking 4,-34.11758,151.21815,2009-01-20 09:00:00,23.03999949,0.421628654,104.6
YON20180927,Yongala,-19.30847,147.61842,2018-09-27 10:52:00,24.3230569,0.228657678,24.149
NSI20180817,North Stradbroke Island,-27.345,153.562,2018-08-17 10:20:00,21.8875318,0.559952617,63.8002
MAI20190106,Maria Island,-42.59667,148.23333,2019-01-07 08:50:00,17.4511,0.3115222,88
PHB20181218,Port Hacking,-34.11923,151.22667,2018-12-19 09:40:00,21.35225,0.7421643,111.042
PHB20190827,Port Hacking,-34.11923,151.22667,2019-08-28 09:59:00,17.65756416,0.238940137,111.042
PHB20190729,Port Hacking,-34.11923,151.22667,2019-07-29 10:03:00,20.22955526,4.609580308,111.042
YON20200116,Yongala,-19.30847,147.61842,2020-01-16 10:05:00,28.70946151,0.276962231,24.149
DAR20190214_0630,Darwin,-12.4,130.76805,2019-02-14 16:00:00,29.64597503,,16.6025
MAI20190624,Maria Island,-42.59667,148.23333,2019-06-24 10:10:00,13.57463497,,88
ROT20190621,Rottnest Island,-32,115.41667,2019-06-21 09:15:00,20.66499483,,44.6421
NSI20191024,North Stradbroke Island,-27.345,153.562,2019-10-24 10:20:00,22.83220859,,63.8002
DAR20200203_2130,Darwin,-12.4,130.76805,2020-02-04 07:00:00,30.23292102,,16.6025
DAR20200204_0630,Darwin,-12.4,130.76805,2020-02-04 16:01:00,30.23292102,,16.6025
ROT20190221,Rottnest Island,-32,115.41667,2019-02-21 09:30:00,21.43999342,,44.6421
DAR20190214_0030,Darwin,-12.4,130.76805,2019-02-14 10:00:00,29.64597503,,16.6025
NSI20200720,North Stradbroke Island,-27.345,153.562,2020-07-20 10:30:00,21.74034941,,63.8002
NSI20201116,North Stradbroke Island,-27.345,153.562,2020-11-16 10:10:00,24.41485215,,63.8002
MAI20210106,Maria Island,-42.59667,148.23333,2021-01-07 09:54:00,16.98953106,,88
NSI20200625,North Stradbroke Island,-27.345,153.562,2020-06-25 10:35:00,22.079837,,63.8002
ROT20200814,Rottnest Island,-32,115.41667,2020-08-14 09:21:00,19.20665347,,44.6421
YON20200802,Yongala,-19.30847,147.61842,2020-08-03 09:15:00,22.47684397,,24.149
DAR20200922_0030,Darwin,-12.4,130.76805,2020-09-22 10:00:00,28.42332586,,16.6025
PHB20201110,Port Hacking,-34.11923,151.22667,2020-11-11 08:40:00,19.51851424,,111.042
