<?xml version="1.0" encoding="UTF-8"?>
<metadata xml:lang="en"><Esri><CreaDate>20120824</CreaDate><CreaTime>15334200</CreaTime><ArcGISFormat>1.0</ArcGISFormat><ArcGISstyle>Department Metadata</ArcGISstyle><SyncOnce>FALSE</SyncOnce><DataProperties><lineage><Process ToolSource="C:\Program Files (x86)\ArcGIS\Desktop10.0\ArcToolbox\Toolboxes\Data Management Tools.tbx\CalculateField" Date="20120517" Time="163045">CalculateField marine_regions URL_LINK "http://www.environment.gov.au/coasts/mbp/south-west/index.html" VB #</Process><Process ToolSource="C:\Program Files (x86)\ArcGIS\Desktop10.0\ArcToolbox\Toolboxes\Data Management Tools.tbx\CalculateField" Date="20120517" Time="163126">CalculateField marine_regions URL_LINK "http://www.environment.gov.au/coasts/mbp/south-east/index.html" VB #</Process><Process ToolSource="C:\Program Files (x86)\ArcGIS\Desktop10.0\ArcToolbox\Toolboxes\Data Management Tools.tbx\CalculateField" Date="20120517" Time="163200">CalculateField marine_regions URL_LINK "http://www.environment.gov.au/coasts/mbp/temperate-east/index.html" VB #</Process><Process ToolSource="C:\Program Files (x86)\ArcGIS\Desktop10.0\ArcToolbox\Toolboxes\Data Management Tools.tbx\CalculateField" Date="20120517" Time="163234">CalculateField marine_regions URL_LINK "http://www.environment.gov.au/coasts/mbp/north-west/index.html" VB #</Process><Process ToolSource="C:\Program Files (x86)\ArcGIS\Desktop10.0\ArcToolbox\Toolboxes\Data Management Tools.tbx\CalculateField" Date="20120517" Time="163311">CalculateField marine_regions URL_LINK "http://www.environment.gov.au/coasts/mbp/north/index.html" VB #</Process><Process ToolSource="C:\Program Files (x86)\ArcGIS\Desktop10.0\ArcToolbox\Toolboxes\Data Management Tools.tbx\CalculateField" Date="20120517" Time="163349">CalculateField marine_regions URL_LINK "http://www.environment.gov.au/coasts/mbp/coralsea/index.html" VB #</Process><Process ToolSource="c:\program files (x86)\arcgis\desktop10.0\ArcToolbox\Toolboxes\Conversion Tools.tbx\FeatureClassToFeatureClass" Date="20120517" Time="171315">FeatureClassToFeatureClass N:\Marine\work\ArcGIS_Server\data\ert_data.gdb\marine_regions "Database Connections\SPATDEV.sde" marine_regions # "ENVIRON "ENVIRON" true false false 20 Text 0 0 ,First,#,N:\Marine\work\ArcGIS_Server\data\ert_data.gdb\marine_regions,ENVIRON,-1,-1;REGION "REGION" true false false 16 Text 0 0 ,First,#,N:\Marine\work\ArcGIS_Server\data\ert_data.gdb\marine_regions,REGION,-1,-1;SHAPE_Length "SHAPE_Length" false true true 8 Double 0 0 ,First,#,N:\Marine\work\ArcGIS_Server\data\ert_data.gdb\marine_regions,SHAPE_Length,-1,-1;SHAPE_Area "SHAPE_Area" false true true 8 Double 0 0 ,First,#,N:\Marine\work\ArcGIS_Server\data\ert_data.gdb\marine_regions,SHAPE_Area,-1,-1;URL_LINK "URL_LINK" true true false 500 Text 0 0 ,First,#,N:\Marine\work\ArcGIS_Server\data\ert_data.gdb\marine_regions,URL_LINK,-1,-1" #</Process><Process ToolSource="C:\Program Files (x86)\ArcGIS\Desktop10.0\ArcToolbox\Toolboxes\Data Management Tools.tbx\ChangePrivileges" Date="20120518" Time="092501">ChangePrivileges 'Database Connections\SPATDEV.sde\MARINE_TEAM.marine_regions' core_select GRANT AS_IS</Process><Process ToolSource="C:\Program Files (x86)\ArcGIS\Desktop10.0\ArcToolbox\Toolboxes\Data Management Tools.tbx\CalculateField" Date="20120809" Time="151137">CalculateField MARINE_TEAM.marine_regions URL_LINK "www.environment.gov.au/marineplans/north" VB #</Process><Process ToolSource="C:\Program Files (x86)\ArcGIS\Desktop10.0\ArcToolbox\Toolboxes\Data Management Tools.tbx\CalculateField" Date="20120809" Time="151350">CalculateField MARINE_TEAM.marine_regions URL_LINK "www.environment.gov.au/marineplans/north/index.html" VB #</Process><Process ToolSource="C:\Program Files (x86)\ArcGIS\Desktop10.0\ArcToolbox\Toolboxes\Data Management Tools.tbx\CalculateField" Date="20120809" Time="151438">CalculateField MARINE_TEAM.marine_regions URL_LINK "www.environment.gov.au/marineplans/temperate-east/index.html" VB #</Process><Process ToolSource="C:\Program Files (x86)\ArcGIS\Desktop10.0\ArcToolbox\Toolboxes\Data Management Tools.tbx\CalculateField" Date="20120809" Time="151514">CalculateField MARINE_TEAM.marine_regions URL_LINK "www.environment.gov.au/marineplans/north-west/index.html" VB #</Process><Process ToolSource="C:\Program Files (x86)\ArcGIS\Desktop10.0\ArcToolbox\Toolboxes\Data Management Tools.tbx\CalculateField" Date="20120809" Time="151605">CalculateField MARINE_TEAM.marine_regions URL_LINK "www.environment.gov.au/marineplans/south-west/index.html" VB #</Process></lineage><itemProps><itemName Sync="TRUE">MARINE_TEAM.marine_regions</itemName><imsContentType Sync="TRUE">002</imsContentType><nativeExtBox><westBL Sync="TRUE">109.233480</westBL><eastBL Sync="TRUE">171.801107</eastBL><southBL Sync="TRUE">-58.449470</southBL><northBL Sync="TRUE">-8.881890</northBL><exTypeCode Sync="TRUE">1</exTypeCode></nativeExtBox><itemLocation><linkage Sync="TRUE">Server=algol.ris.environment.gov.au; Service=5152; User=marine_team; Version=SDE.DEFAULT</linkage><protocol Sync="TRUE">ArcSDE Connection</protocol></itemLocation></itemProps><coordRef><type Sync="TRUE">Geographic</type><geogcsn Sync="TRUE">GCS_GDA_1994</geogcsn><csUnits Sync="TRUE">Angular Unit: Degree (0.017453)</csUnits><peXml Sync="TRUE">&lt;GeographicCoordinateSystem xsi:type='typens:GeographicCoordinateSystem' xmlns:xsi='http://www.w3.org/2001/XMLSchema-instance' xmlns:xs='http://www.w3.org/2001/XMLSchema' xmlns:typens='http://www.esri.com/schemas/ArcGIS/10.0'&gt;&lt;WKT&gt;GEOGCS[&amp;quot;GCS_GDA_1994&amp;quot;,DATUM[&amp;quot;D_GDA_1994&amp;quot;,SPHEROID[&amp;quot;GRS_1980&amp;quot;,6378137.0,298.257222101]],PRIMEM[&amp;quot;Greenwich&amp;quot;,0.0],UNIT[&amp;quot;Degree&amp;quot;,0.0174532925199433],AUTHORITY[&amp;quot;EPSG&amp;quot;,4283]]&lt;/WKT&gt;&lt;XOrigin&gt;-400&lt;/XOrigin&gt;&lt;YOrigin&gt;-400&lt;/YOrigin&gt;&lt;XYScale&gt;222222222222.22198&lt;/XYScale&gt;&lt;ZOrigin&gt;0&lt;/ZOrigin&gt;&lt;ZScale&gt;1&lt;/ZScale&gt;&lt;MOrigin&gt;0&lt;/MOrigin&gt;&lt;MScale&gt;1&lt;/MScale&gt;&lt;XYTolerance&gt;8.9999999999999996e-012&lt;/XYTolerance&gt;&lt;ZTolerance&gt;0.001&lt;/ZTolerance&gt;&lt;MTolerance&gt;0.001&lt;/MTolerance&gt;&lt;HighPrecision&gt;true&lt;/HighPrecision&gt;&lt;LeftLongitude&gt;-180&lt;/LeftLongitude&gt;&lt;WKID&gt;4283&lt;/WKID&gt;&lt;/GeographicCoordinateSystem&gt;</peXml></coordRef></DataProperties><SyncDate>20120809</SyncDate><SyncTime>16532800</SyncTime><ModDate>20120809</ModDate><ModTime>16532800</ModTime></Esri><dataIdInfo><envirDesc Sync="TRUE">Microsoft Windows 7 Version 6.1 (Build 7600) ; ESRI ArcGIS 10.0.3.3600</envirDesc><spatRpType><SpatRepTypCd value="001" Sync="TRUE"></SpatRepTypCd></spatRpType><dataExt><geoEle><GeoBndBox esriExtentType="search"><exTypeCode Sync="TRUE">1</exTypeCode><westBL Sync="TRUE">109.233480</westBL><eastBL Sync="TRUE">171.801107</eastBL><northBL Sync="TRUE">-8.881890</northBL><southBL Sync="TRUE">-58.449470</southBL></GeoBndBox></geoEle></dataExt><idAbs>Commonwealth Marine Regions are areas within Australian waters for which Marine Bioregional Plans will be established under section 176 of the Commonwealth EPBC Act.</idAbs><idStatus><ProgCd value="001"></ProgCd></idStatus><resMaint><maintFreq><MaintFreqCd value="011"></MaintFreqCd></maintFreq></resMaint><resConst><LegConsts><useLimit>None</useLimit><accessConsts><RestrictCd value="005"></RestrictCd></accessConsts><othConsts>The data are available to the public under licence from the Department.</othConsts></LegConsts></resConst><dsFormat><formatName>SDE Feature Class</formatName><formatVer>1</formatVer></dsFormat><idCitation><resTitle>Commonwealth Marine Regions</resTitle><resAltTitle>MARINE_TEAM.marine_regions</resAltTitle><resRefDate><refDate>20120517</refDate><refDateType><DateTypCd value="001"></DateTypCd></refDateType></resRefDate><resRefDate><refDate>20120517</refDate><refDateType><DateTypCd value="003"></DateTypCd></refDateType></resRefDate><citId><MdIdent><identCode>ISOCW0501015537</identCode></MdIdent></citId><citRespParty><rpOrgName>Australian Government Department of Sustainability, Environment, Water, Population and Communities</rpOrgName><rpPosName>Marine Data Manager</rpPosName><rpCntInfo><cntPhone><voiceNum>02 6274 1111</voiceNum><faxNum>02 6274 1666</faxNum></cntPhone><cntAddress><delPoint>GPO Box 787</delPoint><city>Canberra</city><adminArea>ACT</adminArea><postCode>2601</postCode><country>Australia</country><eMailAdd>marine.metadata@environment.gov.au</eMailAdd></cntAddress><cntOnlineRes><linkage>http://www.environment.gov.au/</linkage></cntOnlineRes></rpCntInfo><role><RoleCd value="002"></RoleCd></role></citRespParty><citRespParty><rpOrgName>Australian Government Department of Sustainability, Environment, Water, Population and Communities</rpOrgName><rpPosName>Metadata Publisher</rpPosName><rpCntInfo><cntPhone><voiceNum>(02) 6274 1111</voiceNum><faxNum>(02) 6274 1333</faxNum></cntPhone><cntAddress><delPoint>GPO Box 787</delPoint><city>CANBERRA</city><adminArea>ACT</adminArea><postCode>2601</postCode><country>Australia</country><eMailAdd>metadata@environment.gov.au</eMailAdd></cntAddress><cntOnlineRes><linkage>http://www.environment.gov.au/</linkage></cntOnlineRes></rpCntInfo><role><RoleCd value="010"></RoleCd></role></citRespParty><presForm><PresFormCd value="005" Sync="TRUE"></PresFormCd></presForm></idCitation><idPoC><rpOrgName>Australian Government Department of Sustainability, Environment, Water, Population and Communities</rpOrgName><rpPosName>Marine Data Manager</rpPosName><rpCntInfo><cntPhone><voiceNum>02 6274 1111</voiceNum><faxNum>02 6274 1666</faxNum></cntPhone><cntAddress><delPoint>GPO Box 787</delPoint><city>Canberra</city><adminArea>ACT</adminArea><postCode>2601</postCode><country>Australia</country><eMailAdd>marine.metadata@environment.gov.au</eMailAdd></cntAddress><cntOnlineRes><linkage>http://www.environment.gov.au/</linkage></cntOnlineRes></rpCntInfo><role><RoleCd value="007"></RoleCd></role></idPoC><descKeys><keyword>BOUNDARIES_Planning</keyword><keyword>MARINE_Planning</keyword><keyTyp><KeyTypCd value="005"></KeyTypCd></keyTyp><thesaName><resTitle>ANZLIC Search Words</resTitle><resRefDate><refDate>20080515</refDate><refDateType><DateTypCd value="003"></DateTypCd></refDateType></resRefDate><resEd>Version 2.1</resEd><resEdDate>20080515</resEdDate></thesaName></descKeys><dataScale><equScale><rfDenom>150,000</rfDenom></equScale></dataScale><tpCat><TopicCatCd value="003"></TopicCatCd></tpCat><suppInfo>not to be published</suppInfo><dataLang><languageCode value="en"></languageCode><countryCode value="AUS" Sync="TRUE"></countryCode></dataLang><dataChar><CharSetCd value="004"></CharSetCd></dataChar></dataIdInfo><mdLang><languageCode value="eng" Sync="TRUE"></languageCode><countryCode value="AUS" Sync="TRUE"></countryCode></mdLang><distInfo><distFormat><formatName Sync="TRUE">SDE Feature Class</formatName></distFormat><distributor><distorCont><rpOrgName>Australian Government Department of Sustainability, Environment, Water, Population and Communities</rpOrgName><rpCntInfo><cntPhone><voiceNum>(02) 6274 1111</voiceNum><faxNum>(02) 6274 1333</faxNum></cntPhone><cntAddress><delPoint>GPO Box 787</delPoint><city>CANBERRA</city><adminArea>ACT</adminArea><postCode>2601</postCode><country>Australia</country><eMailAdd>metadata@environment.gov.au</eMailAdd></cntAddress><cntOnlineRes><linkage>http://www.environment.gov.au</linkage></cntOnlineRes></rpCntInfo><role><RoleCd value="005"></RoleCd></role></distorCont><distorFormat><formatName>Shapefile</formatName><formatVer>1</formatVer></distorFormat><distorTran><onLineSrc><linkage Sync="TRUE"></linkage><orDesc>003</orDesc></onLineSrc></distorTran></distributor></distInfo><mdHrLv><ScopeCd value="005" Sync="TRUE"></ScopeCd></mdHrLv><mdHrLvName Sync="TRUE">dataset</mdHrLvName><refSysInfo><RefSystem><refSysID><identCode code="4283" Sync="TRUE" value="4283"></identCode><idCodeSpace Sync="TRUE">EPSG</idCodeSpace><idVersion Sync="TRUE">7.4.1</idVersion></refSysID></RefSystem></refSysInfo><spatRepInfo><VectSpatRep><geometObjs Name="MARINE_TEAM.marine_regions"><geoObjTyp><GeoObjTypCd value="002" Sync="TRUE"></GeoObjTypCd></geoObjTyp><geoObjCnt Sync="TRUE">17</geoObjCnt></geometObjs><topLvl><TopoLevCd value="001" Sync="TRUE"></TopoLevCd></topLvl></VectSpatRep></spatRepInfo><spdoinfo><ptvctinf><esriterm><efeatyp Sync="TRUE">Simple</efeatyp><efeageom code="4" Sync="TRUE"></efeageom><esritopo Sync="TRUE">FALSE</esritopo><efeacnt Sync="TRUE">17</efeacnt><spindex Sync="TRUE">TRUE</spindex><linrefer Sync="TRUE">FALSE</linrefer></esriterm></ptvctinf></spdoinfo><eainfo><detailed Name="MARINE_TEAM.marine_regions"><enttyp><enttypl Sync="TRUE">MARINE_TEAM.marine_regions</enttypl><enttypt Sync="TRUE">Feature Class</enttypt><enttypc Sync="TRUE">17</enttypc></enttyp><attr><attrlabl Sync="TRUE">OBJECTID</attrlabl><attalias Sync="TRUE">OBJECTID</attalias><attrtype Sync="TRUE">OID</attrtype><attwidth Sync="TRUE">4</attwidth><atprecis Sync="TRUE">10</atprecis><attscale Sync="TRUE">0</attscale><attrdef Sync="TRUE">Internal feature number.</attrdef><attrdefs Sync="TRUE">ESRI</attrdefs><attrdomv><udom Sync="TRUE">Sequential unique whole numbers that are automatically generated.</udom></attrdomv></attr><attr><attrlabl Sync="TRUE">SHAPE</attrlabl><attalias Sync="TRUE">Shape</attalias><attrtype Sync="TRUE">Geometry</attrtype><attwidth Sync="TRUE">4</attwidth><atprecis Sync="TRUE">0</atprecis><attscale Sync="TRUE">0</attscale><attrdef Sync="TRUE">Feature geometry.</attrdef><attrdefs Sync="TRUE">ESRI</attrdefs><attrdomv><udom Sync="TRUE">Coordinates defining the features.</udom></attrdomv></attr><attr><attrlabl Sync="TRUE">ENVIRON</attrlabl><attalias Sync="TRUE">ENVIRON</attalias><attrtype Sync="TRUE">String</attrtype><attwidth Sync="TRUE">20</attwidth><atprecis Sync="TRUE">0</atprecis><attscale Sync="TRUE">0</attscale></attr><attr><attrlabl Sync="TRUE">REGION</attrlabl><attalias Sync="TRUE">REGION</attalias><attrtype Sync="TRUE">String</attrtype><attwidth Sync="TRUE">16</attwidth><atprecis Sync="TRUE">0</atprecis><attscale Sync="TRUE">0</attscale></attr><attr><attrlabl Sync="TRUE">URL_LINK</attrlabl><attalias Sync="TRUE">URL_LINK</attalias><attrtype Sync="TRUE">String</attrtype><attwidth Sync="TRUE">500</attwidth><atprecis Sync="TRUE">0</atprecis><attscale Sync="TRUE">0</attscale></attr><attr><attrlabl Sync="TRUE">SHAPE.AREA</attrlabl><attalias Sync="TRUE">SHAPE.AREA</attalias><attrtype Sync="TRUE">Double</attrtype><attwidth Sync="TRUE">0</attwidth><atprecis Sync="TRUE">0</atprecis><attscale Sync="TRUE">0</attscale></attr><attr><attrlabl Sync="TRUE">SHAPE.LEN</attrlabl><attalias Sync="TRUE">SHAPE.LEN</attalias><attrtype Sync="TRUE">Double</attrtype><attwidth Sync="TRUE">0</attwidth><atprecis Sync="TRUE">0</atprecis><attscale Sync="TRUE">0</attscale></attr></detailed></eainfo><mdDateSt>20120801</mdDateSt><mdFileID>c2c01a57-7e6b-42e6-b15e-eadb45b03b0b</mdFileID><mdStanName>ANZLIC Metadata Profile</mdStanName><mdStanVer>1.1</mdStanVer><idinfo><citation><citeinfo><title>Commonwealth Marine Regions</title></citeinfo></citation></idinfo><distinfo><resdesc></resdesc></distinfo><mdContact><rpOrgName>Australian Government Department of Sustainability, Environment, Water, Population and Communities</rpOrgName><rpPosName>Marine Data Manager</rpPosName><rpCntInfo><cntPhone><voiceNum>02 6274 1111</voiceNum><faxNum>02 6274 1666</faxNum></cntPhone><cntAddress><delPoint>GPO Box 787</delPoint><city>Canberra</city><adminArea>ACT</adminArea><postCode>2601</postCode><country>Australia</country><eMailAdd>marine.metadata@environment.gov.au</eMailAdd></cntAddress><cntOnlineRes><linkage>http://www.environment.gov.au/</linkage></cntOnlineRes></rpCntInfo><role><RoleCd value="007"></RoleCd></role></mdContact><dqInfo><dataLineage><statement>The Commonwealth Marine Regions has been created using a combination of:
- 2006 Australian Maritime Boundaries (AMB).
- Large Marine Domains
- IMCRA v4.0 - Provincial Bioregions
- AUS100k (for some island coastlines)
- CAPAD 2004
- Torres Strait Fisheries boundaries</statement><dataSource><srcCitatn><resTitle>Commonwealth Marine Regions (c) Commonwealth of Australia, Australian Government Department of the Sustainability, Environment, Water, Population and Communities, 2012</resTitle><resRefDate><refDate>20000101</refDate><refDateType><DateTypCd value="003"></DateTypCd></refDateType></resRefDate></srcCitatn></dataSource></dataLineage><dqReport><DQAbsExtPosAcc><measResult><ConResult><conSpec><resTitle>ERIN Check</resTitle><resRefDate><refDate>20000101</refDate><refDateType><DateTypCd value="003"></DateTypCd></refDateType></resRefDate></conSpec><conExpl>The data from which this dataset was compiled have scales varying between 1:100,000 and approximately 1:2,500,000, giving a locational accuracy varying between 100-2,500 metres. Most line work is from the AMB dataset which has a scale of 150,000.</conExpl><conPass>1</conPass></ConResult></measResult></DQAbsExtPosAcc><DQNonQuanAttAcc><measResult><ConResult><conSpec><resTitle>ERIN Check</resTitle><resRefDate><refDate>20000101</refDate><refDateType><DateTypCd value="003"></DateTypCd></refDateType></resRefDate></conSpec><conExpl>Attributes include ENVIRON (Marine or Land), REGION (name of marine planning region) and AREA_KM2 (area in square kms).</conExpl><conPass>1</conPass></ConResult></measResult></DQNonQuanAttAcc><DQConcConsis><measResult><ConResult><conSpec><resTitle>ERIN Check</resTitle><resRefDate><refDate>20000101</refDate><refDateType><DateTypCd value="003"></DateTypCd></refDateType></resRefDate></conSpec><conExpl>The dataset was constructed using the latest AMB, GBRMP and officially endorsed "internal" boundaries.</conExpl><conPass>1</conPass></ConResult></measResult></DQConcConsis><DQCompOm><measResult><ConResult><conSpec><resTitle>ERIN Check</resTitle><resRefDate><refDate>20000101</refDate><refDateType><DateTypCd value="003"></DateTypCd></refDateType></resRefDate></conSpec><conExpl>Spatial and attribute data is complete for all of Australia.</conExpl><conPass>1</conPass></ConResult></measResult></DQCompOm></dqReport><dqScope><scpLvl><ScopeCd value="005"></ScopeCd></scpLvl></dqScope></dqInfo></metadata>
